days_active,sessions_count,last_active_days,time_spent_learning,first_week_activity,completed_onboarding,tasks_attempted,tasks_completed,failure_rate,average_task_time,solution_view_attempts,solution_locked_hits,paywall_hits,paid_upgrade_done,dsa_sheet_access_attempts,avg_page_load_time,error_timeout_count,editor_video_crash_count,forced_relogin_count,login_failures,average_login_time,churn
32,50,15,369.47,22,1,82,36,0.72,53.28,22,7,10,0,15,2.39,5,9,15,8,2.94,0
46,58,30,89.71,39,0,122,49,0.06,59.48,39,7,1,1,3,5.04,4,1,4,9,12.33,1
27,93,0,482.52,15,0,24,87,0.99,36.64,19,26,19,1,13,5.11,15,2,10,3,4.91,0
0,82,2,260.41,21,1,119,89,0.95,63.23,33,16,9,0,5,5.68,7,7,9,5,9.98,0
24,41,4,316.12,18,0,59,94,0.45,38.15,23,11,25,1,4,4.96,4,6,19,1,7.48,0
32,59,25,477.03,15,1,63,21,0.79,3.41,2,21,9,0,9,3.91,13,3,14,0,8.17,1
44,96,21,394.4,34,1,145,47,0.94,78.27,26,7,4,1,1,4.77,5,4,19,0,1.31,1
23,27,10,146.82,11,1,131,50,0.61,34.98,16,30,3,1,2,1.01,9,9,10,2,3.69,0
12,31,3,136.53,35,0,23,55,0.41,33.02,0,28,3,0,7,3.39,0,5,18,4,8.53,0
36,64,2,212.47,21,0,37,36,0.15,18.92,29,18,16,0,4,2.69,11,2,1,7,6.72,0
32,50,5,235.14,8,0,48,12,0.04,13.96,24,20,12,0,10,1.86,2,7,1,1,12,0
8,22,5,305.19,16,0,56,50,0.06,38.8,22,7,7,1,11,1.21,10,1,19,4,4.48,0
42,112,6,337.72,20,0,53,15,0.49,20.58,18,13,9,0,9,1.65,7,1,15,0,11.26,0
10,3,25,39.41,1,0,59,19,0.13,49.95,12,29,14,1,9,1.72,0,2,18,8,9.75,1
29,21,8,446.42,39,1,55,108,0.77,83.36,40,11,4,1,15,5.21,13,3,11,5,13.02,0
2,54,3,115.88,11,1,123,40,0.33,86.66,36,2,9,0,0,2.42,2,9,12,5,2.33,0
8,117,26,363.97,31,1,10,43,0.32,66.23,29,25,1,1,10,5.58,14,6,6,2,6.92,1
45,84,20,385.47,4,1,8,82,0.14,3.3,16,24,25,0,3,5.28,13,7,4,8,5.94,0
30,102,25,429.43,33,1,127,114,0.54,49.7,6,17,23,0,7,5.28,10,3,12,9,1.75,1
48,118,25,203.23,17,1,110,55,0.78,10.76,26,15,17,1,3,2.98,8,7,15,0,7.63,1
5,108,18,155.88,22,0,31,103,0.74,32.33,35,14,6,0,10,4.36,14,7,7,5,14.4,0
26,86,5,198.46,21,0,122,110,1,77.46,0,22,7,0,5,3.12,14,5,12,8,3.04,0
52,50,6,285.03,10,1,145,115,0.15,5.4,23,20,16,1,5,4.55,0,6,6,9,11.92,0
2,100,0,428.98,15,0,81,84,0.61,54.54,16,30,14,1,12,1.17,5,5,17,8,5.86,0
54,67,23,76.01,14,0,79,70,0.81,37.69,2,9,9,1,5,5.34,6,1,18,7,14.71,1
0,28,12,218.86,35,0,143,6,0.89,6.6,34,20,14,0,5,0.72,5,4,0,1,11.47,0
36,15,24,464.9,15,0,94,47,0.28,47.12,2,20,23,1,12,5.33,7,9,5,2,4.94,1
32,49,0,448.38,1,0,11,43,0.98,51.98,2,12,19,1,8,1.84,12,6,17,1,5.77,0
56,95,18,52.33,28,0,44,50,0.62,66.41,10,8,22,0,13,0.54,5,10,12,1,14.66,0
37,10,24,87.17,23,1,99,111,0.98,49.05,26,28,1,0,2,4.89,9,4,16,9,5.04,1
26,9,3,229.97,21,0,115,36,0.21,36.59,36,18,14,1,11,1.52,8,8,0,4,5.91,0
34,63,16,371.29,39,0,21,23,0.53,75.92,6,23,23,0,5,5.3,7,4,11,6,5.66,0
27,90,18,366.1,23,0,112,114,0.14,45.73,40,7,16,0,8,1.84,6,3,7,6,3.85,0
16,35,6,50.13,40,0,136,30,0.69,62.43,8,26,10,1,5,5.78,11,5,6,1,3.62,0
49,17,4,229.98,2,1,115,32,0.8,13.79,38,26,5,1,3,1.53,14,6,5,7,8.8,0
39,91,0,310.21,32,1,69,102,0.66,32.47,3,5,8,0,3,3.5,2,0,12,8,11.7,0
30,11,18,229.93,12,1,131,71,0.18,2.82,19,14,13,1,10,2.26,2,5,18,9,14.14,0
40,113,28,184.32,27,1,48,63,0.67,37.16,37,12,23,1,2,1.71,9,7,15,9,2.62,1
55,20,25,259.76,24,0,93,84,0.46,87.53,14,10,18,1,15,5.26,1,5,11,0,13.87,1
14,109,28,452.52,6,0,1,24,0.18,63.13,20,9,13,0,12,4.72,10,8,11,1,3.71,1
35,44,22,287.58,5,0,66,46,0.86,32,18,1,17,0,3,5.23,1,7,13,6,11.54,1
48,60,16,34.07,36,1,143,69,0.18,32.58,34,26,9,1,15,0.85,4,7,8,4,7.12,0
27,23,8,320.32,18,1,55,6,0.82,8.19,8,14,12,1,15,4.53,4,6,15,4,3.1,0
29,40,13,65.37,10,0,112,16,0.24,47.37,26,3,16,1,12,2.96,6,6,3,7,10.84,0
50,77,24,79.23,31,1,68,89,0.01,28.21,36,23,0,0,1,3,1,1,7,10,1.66,1
49,114,14,176.3,5,0,99,29,0.63,36.43,36,19,4,0,14,5.4,7,7,20,3,5.72,0
52,93,9,50.67,13,1,41,36,0.02,24.53,30,23,25,0,8,1.42,11,9,6,9,8.62,0
8,103,18,378.13,24,0,126,45,0.18,89,2,9,4,1,3,3.19,7,3,5,0,13.87,0
2,41,22,499.53,8,0,106,50,0.07,57.02,21,16,8,1,2,3.46,6,10,1,4,13.22,1
4,54,13,313.13,13,0,113,56,0.61,61.91,11,3,9,0,13,3.57,0,5,7,7,7.35,0
59,69,16,336.26,31,0,131,35,0.8,74.58,9,8,6,1,8,3.6,1,10,6,6,4.48,0
20,98,17,110.4,37,0,72,54,0.87,36.31,7,30,22,0,2,1.2,1,1,9,5,10.28,0
50,91,2,343.85,19,1,143,29,0.51,21.14,40,14,20,1,9,5.02,14,2,19,10,14.62,0
31,112,9,234.28,31,1,46,14,0.53,70.8,27,4,24,0,15,5.91,8,4,15,8,13.81,0
59,86,9,352.18,4,1,97,88,0.67,16.14,39,11,22,1,11,0.77,0,8,15,1,6.82,0
2,45,16,450.94,17,1,136,58,0.46,41.82,2,22,5,1,12,4.89,7,8,15,9,12.47,0
36,76,25,342.42,27,1,102,36,0.14,37.4,30,21,1,1,4,3.81,12,0,11,1,8.72,1
49,21,3,302.42,3,1,113,39,0.42,74.35,23,3,6,0,9,4.24,11,7,8,9,9.24,0
19,71,19,332.19,24,0,84,57,0.9,43.03,15,15,11,0,11,2.1,13,7,11,10,8.04,0
22,61,24,265.86,0,0,149,36,0.24,57.61,1,28,7,1,6,5.35,14,9,9,8,13.5,1
45,29,6,139.64,14,0,64,0,0.78,72.32,19,11,19,0,4,1.96,6,1,16,0,10.91,0
14,65,20,291.32,4,1,100,101,0.3,45.74,11,1,11,0,10,0.5,13,7,9,9,3.92,0
49,70,16,323,14,0,146,100,0.54,52.24,2,14,1,1,4,1.37,12,3,4,8,5.74,0
16,116,19,484.82,36,0,60,73,0.21,31.04,14,15,16,0,2,2.17,10,4,0,4,2.39,0
12,45,23,495.76,13,0,61,92,0.38,43.64,17,6,8,1,14,1.43,2,4,6,6,14.39,1
5,2,24,492.69,2,1,48,94,0.28,86.43,3,2,5,1,1,1.77,0,8,10,3,3.09,1
58,11,9,457.54,25,0,65,44,0.1,41.05,4,17,17,1,3,4.16,9,0,14,3,6.28,0
22,9,23,59.74,1,1,57,55,0.76,34.63,0,0,11,0,11,1.63,11,6,20,8,14.26,1
30,41,4,267.29,10,1,36,20,0.63,15.36,8,16,18,0,6,1.44,1,9,17,9,11.82,0
49,47,24,287.87,31,0,140,11,0.08,43.21,33,17,9,1,10,5.48,4,6,17,0,2.88,1
11,71,9,227.06,9,0,13,63,0.85,61.16,31,0,9,0,11,4.78,9,0,20,8,8.83,0
55,22,3,268.43,34,1,115,19,0.89,46.78,28,30,2,1,6,0.55,14,8,9,9,11.6,0
31,37,15,123.02,20,1,56,71,0.12,22.26,27,20,11,1,8,0.5,14,5,17,0,13.76,0
5,101,25,462.3,13,0,131,8,0.05,50.88,20,16,7,1,8,5.54,2,9,2,8,8.68,1
48,109,5,360.88,18,1,94,62,0.25,41.52,40,24,15,1,15,1.83,4,0,0,3,9.32,0
25,65,20,419.93,6,0,143,117,0.92,45.2,18,1,12,1,4,4.7,10,8,7,1,3.86,0
41,61,4,373.03,17,0,53,63,0.9,35.67,1,22,3,1,4,2.36,7,6,11,8,10.89,0
1,12,13,424.26,21,1,95,61,0.57,64.29,4,11,2,1,1,1.64,4,2,1,10,7.9,0
44,6,12,277.13,38,1,51,8,0.32,79.78,3,16,24,0,14,4.62,2,8,5,3,10.1,0
49,48,14,159.46,37,1,46,120,0.92,87.39,31,12,9,1,12,4.29,10,7,16,9,11.16,0
47,84,7,373.55,31,0,148,48,0.44,31.36,0,4,20,0,4,1.14,3,10,7,9,2.67,0
59,114,10,481.32,25,0,85,39,0.23,70.85,38,20,25,1,2,2,6,8,1,10,6.97,0
13,108,13,406.08,32,1,138,100,0.89,77.83,7,15,24,1,9,1.56,13,10,11,9,3.29,0
60,106,14,291.03,21,1,1,37,0.67,42.41,6,24,7,0,1,4.63,14,3,1,8,4.21,0
60,34,15,124.92,9,1,146,96,0.66,74.6,32,3,2,1,1,5.87,12,2,0,6,1.86,0
41,74,6,277.87,27,1,67,55,0.29,62.66,4,14,9,0,15,2.19,6,8,7,2,7,0
5,5,22,100.01,38,1,67,11,0.19,5.65,9,6,14,1,8,5.62,8,8,3,4,11.12,1
37,25,20,223.32,24,1,1,4,0.97,51.6,36,24,8,1,7,5.2,9,3,17,3,6.37,0
54,45,0,251.75,6,0,28,77,0.48,15.69,38,27,14,0,4,1.96,10,6,19,3,7.33,0
36,24,4,416.79,21,1,43,20,0.57,6.73,26,16,17,0,1,4.21,4,7,20,3,13.03,0
25,91,24,198.78,18,1,43,55,0.56,15.39,34,17,2,0,2,3.78,10,4,13,7,4.46,1
38,99,25,158.79,2,0,23,17,0.69,71.06,10,28,22,1,10,5.22,12,8,12,2,13.7,1
33,4,2,328.86,1,0,36,75,0.43,21.8,38,26,14,0,9,3.01,10,9,17,9,3.87,0
3,47,6,174.56,40,1,16,77,0.63,12.34,11,7,3,1,12,1.82,7,5,5,4,11.27,0
15,65,30,157.25,30,0,48,32,0.71,52.77,26,13,14,0,10,2.18,2,7,8,0,10.71,1
33,115,2,43.22,36,0,14,114,0.31,69.28,0,30,22,0,13,5.55,6,7,0,10,8.09,0
60,67,5,319.31,13,1,31,47,0.84,40.31,33,17,5,0,13,5.15,1,6,17,9,4.37,0
31,61,27,404.79,12,0,1,28,0.91,54.25,5,24,24,1,9,4.76,5,10,9,3,5.24,1
54,35,23,480.85,14,0,145,38,0.66,72.97,15,26,19,1,12,3.78,12,10,18,8,8.62,1
7,54,18,69.48,20,1,75,51,0.17,85.42,5,24,11,0,5,2.64,8,3,12,10,5.88,0
50,56,6,169.32,29,0,51,9,0.93,17.17,17,2,22,1,0,1.92,1,3,5,1,10.78,0
1,50,3,494.98,12,1,144,44,0.33,75.31,10,28,18,1,11,2.85,12,5,14,6,9.04,0
25,25,14,379.75,15,1,48,68,0.36,16.72,11,30,22,0,3,2.43,13,10,3,7,8.34,0
28,29,7,63.61,35,0,73,44,0.32,24.3,14,14,25,0,14,4.19,1,5,11,9,2.9,0
2,6,29,294.33,0,1,1,20,0.16,4.83,5,25,1,0,9,4.41,5,3,12,1,10.27,1
32,32,4,486.48,32,0,1,53,0.71,70.75,5,30,8,0,10,5.47,14,6,16,4,11.49,0
25,60,26,469.02,6,0,95,73,0.33,17.26,12,10,16,0,3,3.17,2,10,18,4,9.29,1
20,58,11,323.01,19,1,26,68,0.92,6.46,9,29,22,1,13,2.72,8,2,8,5,10.08,0
37,33,5,387.17,18,1,119,118,0.65,43.85,23,3,8,0,15,1.44,2,7,0,5,6.09,0
56,54,28,117.91,27,1,16,76,0.52,78.92,33,8,6,1,5,4.25,5,2,1,10,3.04,1
28,112,9,312.2,2,0,143,57,0.86,34.25,23,10,8,0,13,4.49,0,1,12,7,11.56,0
48,6,25,264.58,28,1,95,99,0.53,41.2,15,2,4,0,15,5.96,3,9,6,6,7.42,1
8,27,26,405.97,12,1,21,115,0.99,17.99,22,29,19,0,13,1.19,5,0,10,6,9.77,1
53,38,11,158.13,30,0,136,4,0.05,39.31,12,19,25,1,12,5.79,15,2,1,4,7.82,0
14,51,6,161.12,40,1,90,4,0.77,7.51,37,29,8,1,3,1.38,2,4,10,1,10.6,0
35,9,19,400.11,24,1,83,14,0.42,70.83,26,0,5,1,6,2.07,2,8,19,0,11.13,0
55,3,4,346.44,26,1,17,1,0.3,20.26,9,1,21,0,6,3.97,1,7,20,7,10.99,0
8,38,22,147.5,2,0,54,73,0.26,48.15,18,4,1,1,5,5.01,14,9,5,7,6.27,1
36,42,13,350.43,0,0,14,12,0.78,89.76,32,8,25,0,7,5.5,10,7,7,3,1.82,0
60,79,4,295.37,24,1,113,101,0.68,22.21,19,5,16,1,13,5.44,11,5,4,7,9.06,0
51,100,17,103.42,4,0,83,61,0.24,86.6,20,21,15,0,2,2.37,5,8,13,10,7.5,0
8,57,2,428.64,39,0,108,74,0.53,53,21,20,24,0,5,5.56,0,5,16,2,9.74,0
38,49,0,361.23,24,1,3,21,0.1,39.33,13,29,16,0,4,0.52,12,8,14,2,5.56,0
17,17,17,159.88,26,1,11,63,0.84,6.01,3,3,12,0,0,2.46,14,5,20,0,7.42,0
41,94,28,222.52,9,1,94,85,0.26,66.99,8,8,7,0,9,1.7,5,4,8,7,14.27,1
37,51,18,83.45,8,0,105,82,0.06,6.97,3,23,18,1,8,5,2,4,17,1,14.01,0
14,18,27,139.43,14,1,85,70,0.84,11.34,18,19,9,0,11,1.35,0,2,18,1,2.62,1
11,118,19,462.59,16,0,5,82,0.24,83.68,11,2,4,0,2,4.42,3,10,4,3,8.21,0
9,115,16,200.61,24,0,99,38,0.23,89.71,17,22,10,0,9,2.56,1,2,14,1,8.68,0
12,38,25,93.34,25,1,142,84,0.57,9.72,10,17,22,0,14,4.86,0,2,8,3,12.09,1
26,97,21,112.01,1,1,130,51,0.36,4.66,8,1,20,0,0,2.68,3,8,4,9,4.13,1
30,56,24,30.36,8,1,52,85,0.11,48.39,38,28,9,0,6,1.82,14,7,12,6,3.16,1
45,38,7,425.61,15,0,63,30,0.97,58.78,24,8,5,0,5,4.18,5,1,16,8,4.12,0
57,51,14,209.32,7,0,35,70,0.45,2.26,11,11,4,1,6,0.84,7,3,4,9,9.8,0
23,105,13,464.22,30,1,17,59,0.34,57.14,4,1,0,1,13,1.83,12,9,5,0,9.96,0
5,92,20,344.83,21,0,74,14,0.89,29.1,16,20,22,0,8,2.79,15,8,15,10,9.21,0
52,45,15,122.52,38,1,147,100,0.24,10.16,30,21,25,0,1,3.4,15,8,4,5,8.02,0
2,47,29,340.96,12,1,150,44,0.26,78.73,20,30,20,1,0,5.58,14,6,1,9,5.02,1
54,1,1,133.5,40,1,79,17,0.46,64.66,11,22,4,0,10,2.55,8,1,11,7,10.94,0
49,9,25,467.56,33,0,3,95,0.82,78.97,15,29,0,1,10,1.6,9,3,15,2,5.13,1
52,69,17,397,24,0,24,72,0.94,30.82,14,2,14,1,7,1.64,12,1,8,0,7.22,0
29,88,5,494.49,24,0,90,102,0.82,52.16,12,2,16,1,6,3.6,11,10,7,7,11.03,0
49,56,6,118.45,36,0,85,114,0.17,30.08,1,1,5,0,14,5.09,8,3,5,1,1.35,0
42,22,20,344.77,21,1,14,2,0.97,61.94,10,11,1,1,6,3.74,12,0,3,2,8.61,0
18,117,14,266.59,22,0,99,38,0.44,85.66,2,17,5,0,0,3.16,11,9,5,9,13.92,0
26,45,16,454.88,19,0,95,63,0.91,31.93,33,12,11,0,12,2.49,3,10,12,6,10.86,0
53,41,28,46.35,2,1,147,2,0.29,54.49,21,0,16,0,14,2.29,0,1,4,8,4.53,1
36,120,12,423.8,20,0,58,116,0.52,57.96,21,30,21,0,11,2.95,14,8,9,9,11.8,0
12,6,19,467.33,15,1,92,50,0.02,46.85,27,20,7,1,5,2.59,9,1,10,3,7.48,0
43,53,19,201.74,3,1,26,105,0.14,52.59,22,24,1,0,12,1.7,15,10,16,9,1.01,0
58,42,7,186.23,7,0,21,69,0.15,29.67,4,29,4,0,3,4.09,8,0,13,9,11.86,0
47,83,6,142.36,9,1,15,57,0,32.2,22,17,0,0,1,1.3,13,1,13,9,13.25,0
35,20,27,357.18,16,1,25,14,0.25,12.83,27,14,1,0,3,5.86,14,3,8,9,5.7,1
53,74,29,180.18,26,0,107,47,0.86,87.13,28,17,7,1,4,2.27,6,7,0,6,5.19,1
52,120,17,417.74,8,1,31,16,0.92,24.66,7,27,14,1,10,3.04,6,9,0,8,2.65,0
54,91,23,463.19,35,1,123,23,0.62,30.68,32,8,20,0,11,1.53,9,1,9,0,14.9,1
34,32,26,158.15,31,0,38,25,0.17,51.45,1,30,6,1,4,3.07,4,2,14,0,14.4,1
4,82,20,472.99,4,1,122,36,0.25,31.66,13,4,9,0,4,3.02,2,6,13,1,11.44,0
33,62,13,420.22,35,0,38,88,0.25,65.12,31,21,3,0,14,5.09,12,8,2,3,10.12,0
9,14,26,154.87,18,1,2,111,0.98,75.74,20,2,6,0,14,2.87,15,2,9,3,12.71,1
20,6,17,42.59,18,1,56,18,0.35,18.68,28,18,20,1,2,2.53,11,10,14,6,9.88,0
48,107,16,182.12,19,1,39,99,0.34,54.52,1,21,19,0,8,0.67,7,7,11,4,4.5,0
26,116,11,122.79,7,0,87,117,0.83,43.65,11,29,20,0,9,2.82,5,7,3,1,10.73,0
53,60,2,257.96,28,0,40,115,0.84,43.55,4,20,4,1,12,2.25,13,10,12,1,11.67,0
3,89,13,122.96,27,0,117,103,0.67,70.86,17,19,16,0,2,5.93,4,3,18,10,8.17,0
12,120,22,393.56,19,0,92,84,0.97,59.28,5,15,20,0,15,1.99,3,7,13,10,6.99,1
32,39,11,441.98,39,0,37,115,0.53,18.93,30,29,10,0,3,3.42,3,5,3,2,4.5,0
45,21,11,151.93,33,0,81,54,0.79,32.55,14,1,4,0,10,5.37,12,3,3,9,4.61,0
15,96,26,52.65,37,0,44,21,0.97,52.37,31,12,12,0,10,5.42,14,0,3,1,1.59,1
9,27,30,71.83,9,1,109,30,0.51,14.32,10,16,7,1,2,1.14,9,6,9,6,10.07,1
27,38,27,255.94,30,0,117,3,0.01,49.05,11,21,21,1,4,1.45,4,7,14,3,2.37,1
15,85,23,475.83,33,1,28,45,0.32,77.48,2,30,1,1,13,5.8,11,7,19,2,3.78,1
34,79,28,481.82,4,0,139,117,0.93,70.19,40,19,16,0,15,2.26,12,6,17,9,6.09,1
54,5,6,36.54,21,0,29,47,0.55,32.97,0,7,23,1,12,2.27,7,4,16,7,13.23,0
54,25,5,274.38,22,1,33,93,0.76,71.29,9,18,22,0,3,0.83,15,2,10,10,8.85,0
51,114,27,108.96,18,0,1,6,0.03,31.81,36,15,7,0,1,5.59,3,4,1,8,2.68,1
50,38,11,491.33,40,0,73,28,0.57,3.77,26,4,11,0,14,0.64,2,1,9,8,12.34,0
39,55,27,469.4,10,1,134,23,0.07,62.49,35,8,5,1,9,5.77,13,0,18,9,13.78,1
12,20,15,114.92,2,1,77,6,0.81,21.16,38,22,1,0,8,0.95,15,1,13,0,10.4,0
23,60,15,158.62,26,1,26,57,0.37,78.19,24,16,11,1,2,1.32,4,4,16,10,10.38,0
48,35,8,219.72,11,0,14,29,0.44,87.48,13,24,19,1,0,4,1,0,4,0,9.83,0
36,21,2,378.42,40,0,81,24,0.37,32.25,40,24,11,0,5,5.53,3,3,14,3,10.84,0
5,91,2,136.07,8,0,47,69,0.16,19.85,23,19,25,0,1,5.79,14,1,5,2,11.91,0
10,87,16,276.88,36,0,54,73,0.03,58.6,12,25,3,1,9,4.52,3,0,1,10,13.16,0
3,67,20,210.01,13,1,150,45,0.53,89.97,25,30,14,1,10,5.8,3,2,17,9,6.62,0
29,108,6,144.92,11,0,33,11,0.2,40.9,32,13,8,0,6,3.92,7,2,0,0,5.3,0
16,119,12,435.44,22,1,109,109,0.29,84.09,24,0,25,1,11,3.63,6,5,1,1,7.56,0
26,57,22,210.01,27,0,122,115,0.09,23.15,36,6,11,0,0,3.34,0,5,10,10,10.77,1
4,1,3,343.41,24,1,48,3,0.84,75.17,13,29,16,0,11,1.28,1,0,0,7,7.02,0
60,95,10,301.22,28,0,115,38,0.15,8.07,21,13,23,1,5,0.84,14,3,1,6,12.11,0
16,79,28,427.94,29,1,89,42,0.13,32.13,16,4,3,1,8,0.93,12,2,3,5,8.77,1
41,31,11,304.21,33,0,16,21,0.76,19.76,1,21,11,0,1,1.56,1,1,10,5,4,0
18,19,12,407.98,23,0,30,94,0.08,65.72,18,15,18,0,13,4.38,4,10,14,4,12.28,0
12,17,29,142.66,12,1,142,23,0.83,65.13,27,0,23,0,7,5.58,3,4,19,0,1.54,1
15,39,28,185.49,24,1,31,33,0.54,31.62,19,26,19,1,6,1.91,12,0,5,6,9.58,1
2,25,5,36.47,4,1,102,77,0.81,36.98,32,10,15,1,3,2.15,11,9,4,10,4.1,0
18,1,7,94.76,11,1,62,87,0.76,80.19,32,16,25,0,4,5.14,5,9,4,6,13.3,0
59,79,13,203.73,3,0,34,30,0.73,23.16,34,3,5,1,7,2.42,0,9,6,4,13.16,0
53,70,8,232.13,11,0,10,34,0.16,9.59,18,3,4,0,11,1,1,8,6,10,10.84,0
1,68,27,156.88,23,0,104,0,0.99,28.8,14,17,11,0,2,4.42,7,6,2,5,14.74,1
14,119,18,229.28,8,1,146,100,0.31,15.6,15,14,17,1,11,3.6,9,1,1,9,13.39,0
35,83,8,64.53,14,0,130,73,0.46,72.34,38,13,12,0,6,4.18,5,9,1,6,4.38,0
53,67,10,134.08,21,1,16,118,0.73,64.99,28,4,13,0,10,4.26,13,9,16,4,12.86,0
35,29,7,123.08,4,0,17,12,0.51,14.23,39,30,5,0,6,3.96,15,4,11,5,3.53,0
56,38,11,445.37,37,0,14,104,0.53,63.85,38,26,0,1,1,5.07,6,4,17,5,4.2,0
47,74,16,44.77,27,0,19,0,0.82,13,11,21,14,1,5,5.04,13,10,4,1,5.79,0
5,17,12,280.3,6,0,56,103,0.41,64.92,8,0,15,1,5,4.71,1,9,13,9,12.2,0
39,66,7,99.74,26,0,140,86,0.94,42.12,24,4,14,1,13,3.14,4,10,0,0,4.92,0
35,48,12,190.79,3,0,34,87,0.16,55.91,34,2,24,1,0,1.21,10,5,1,7,2.48,0
30,116,25,35.11,17,0,53,85,0.05,87.87,2,13,8,1,12,5.52,11,4,17,7,6.22,1
51,10,17,457.88,39,0,123,120,0.19,42.93,32,6,2,1,9,5.52,6,5,20,1,14.96,0
35,27,9,400.22,19,1,88,44,0.73,72.45,22,13,11,0,10,2.31,13,7,19,5,1.78,0
13,52,23,467.66,18,0,144,62,0.61,15.93,19,23,17,1,9,5.55,15,0,3,3,1.88,1
58,76,27,279.12,22,0,32,91,0.5,38.65,6,5,0,1,0,0.58,9,7,18,0,1.71,1
1,77,11,221.15,38,0,83,97,0.98,29.96,21,8,2,0,12,1.98,1,4,17,10,6.46,0
41,94,4,434.11,26,0,41,46,0.36,47.97,7,25,9,0,0,4.55,8,0,8,9,12.45,0
34,31,24,321.01,4,1,3,119,0.57,76.4,18,29,22,1,1,3.57,6,6,20,5,10.82,1
33,81,7,107.39,10,1,29,20,0.64,63.97,29,18,16,1,14,5.7,9,7,5,9,1.03,0
14,27,4,204.38,36,1,20,31,0.41,74.43,38,28,6,1,9,1.12,2,0,14,3,10.06,0
54,39,29,387.72,38,0,118,55,0.23,88.58,2,19,14,1,1,4.65,9,9,0,1,13.31,1
23,115,23,492.03,24,0,127,97,0.79,72.92,21,30,13,0,14,4.77,11,6,19,7,14.85,1
42,41,0,48.25,17,0,133,13,0.54,45.47,13,19,19,1,7,2.7,6,2,12,0,6.61,0
39,36,9,336.45,15,1,144,37,0.21,81.77,2,1,25,0,13,4.03,15,9,10,3,12.51,0
31,100,24,367.68,11,0,45,25,0.34,77.73,0,14,21,1,14,4.77,7,5,4,8,7.84,1
45,28,17,112.69,5,0,119,44,0.19,29.33,17,25,1,1,8,5.12,1,5,15,1,9.76,0
38,84,15,140.97,3,1,2,90,0.77,55.8,39,18,24,1,9,1.94,10,7,10,3,3.66,0
34,97,19,470.14,11,0,46,74,0.98,21.29,7,28,8,1,12,2.52,7,5,9,5,9.31,0
41,9,1,285.77,30,1,21,110,0.49,32.11,22,9,6,1,7,4.43,14,4,11,4,10.74,0
25,54,4,293.49,31,0,105,64,0.11,56.65,1,27,4,0,1,3.11,3,7,4,3,8.48,0
8,102,0,360.06,27,0,135,103,0.65,65.76,11,8,16,1,14,3.57,7,7,14,0,6.93,0
23,85,27,361.41,24,0,84,54,0.55,38.54,16,29,5,1,8,4.11,11,6,15,6,9.8,1
49,111,7,319.56,37,0,83,115,0.62,26.11,24,6,25,0,8,4.77,0,10,3,6,3.44,0
15,109,5,408.98,15,0,107,87,0.33,58.84,15,18,18,0,14,1.18,0,2,20,6,5.22,0
50,35,11,206.41,38,0,76,88,0.95,6.98,7,4,6,0,11,5.57,2,1,7,4,4.44,0
37,71,15,264.63,14,0,12,6,0.01,79.04,27,6,17,1,11,1.96,9,2,17,7,6.65,0
30,35,5,157.3,18,0,23,39,0.05,66.28,26,11,23,0,5,0.59,8,3,14,3,12.82,0
14,41,2,88.74,8,0,84,64,0.54,68.23,36,11,13,1,1,0.53,3,1,20,9,14.27,0
19,115,18,158.9,27,1,7,103,0.61,51.92,25,26,19,0,15,5.81,13,2,5,9,12.04,0
21,95,29,38.08,23,1,52,60,0,16.39,39,9,9,1,1,3.16,0,3,0,8,6.03,1
14,58,2,176.72,31,1,96,55,0.44,33.04,26,5,22,0,10,3.77,4,10,1,0,9.42,0
13,103,16,263.37,10,0,44,97,0.15,53.89,8,6,19,0,5,2.31,4,2,12,10,12.96,0
28,88,24,131.02,11,1,144,93,0.7,73.72,7,30,2,1,8,5.85,1,3,20,3,11.65,1
46,64,14,487.66,22,0,95,83,0.29,43.03,31,27,20,1,10,1.43,4,4,19,5,14.16,0
60,27,27,469.69,1,0,1,35,0.64,21.97,12,23,8,1,5,4.28,8,1,10,10,10.22,1
21,24,19,80.41,36,1,70,93,0.6,75.26,37,5,13,0,6,4.96,12,9,7,10,9.41,0
59,77,8,217.84,21,1,95,19,0.29,50.51,29,29,9,0,14,5.48,2,6,14,10,14.39,0
2,102,7,404.12,40,1,10,13,0.97,45.43,9,9,14,0,3,3.65,4,1,6,6,3.52,0
34,88,30,444.46,16,0,134,25,0.92,80.04,25,20,15,1,3,5.76,13,4,13,6,14.72,1
27,101,5,41.82,27,1,75,3,0.34,7.78,12,4,7,1,4,1.85,0,3,5,10,5.4,0
49,72,19,343.85,39,1,114,52,0.04,5.05,25,21,14,1,2,1.15,5,9,4,7,6.15,0
13,101,2,471.23,9,1,86,97,0.53,5.64,27,1,11,1,10,5.96,8,4,7,9,6.54,0
53,37,2,206.83,36,1,127,11,0.67,8.95,19,24,13,0,1,5.67,12,2,20,2,8.76,0
45,7,10,210.36,15,0,122,101,0.12,20.12,25,28,6,1,12,5.89,0,8,20,3,11.49,0
58,85,23,129.06,36,1,89,27,0.67,66.16,39,29,18,0,6,5.79,4,3,18,7,2.08,1
13,21,11,238.45,40,0,74,54,0.86,19.53,39,14,0,1,9,1.8,15,10,16,8,9.24,0
53,91,20,55.44,20,1,32,84,0.36,87.08,8,2,16,0,0,3.75,15,5,4,3,9.44,0
16,85,21,130.93,16,1,108,87,0.36,74.09,24,17,14,1,2,1.55,3,3,7,4,6.93,1
52,53,8,102.64,0,1,51,108,0.85,84.91,9,20,12,1,6,2.2,0,10,16,3,2.82,0
7,72,18,140.94,20,1,33,74,0.83,65.26,5,13,12,0,8,3.38,7,4,14,1,10.52,0
14,113,4,157.56,29,0,13,88,0.2,89.5,36,2,17,0,8,2.9,0,10,11,5,3.45,0
58,34,14,451.99,4,0,35,27,0.1,61.39,33,3,8,1,0,1.23,7,10,2,3,6.99,0
23,107,26,169.64,19,0,150,94,0.17,80.38,31,20,25,1,8,1.77,12,3,5,6,5.81,1
10,11,26,44.07,22,1,108,85,0.51,11.7,23,12,7,1,9,3.94,4,10,5,8,3.61,1
49,67,14,234.75,30,0,140,59,0.83,49.22,18,29,10,0,10,4.71,1,0,11,6,13.73,0
31,13,2,154,23,0,39,28,0.85,10.53,13,6,9,0,1,3.54,1,1,8,4,11.2,0
46,25,5,181.04,33,0,15,57,0.37,28.09,34,4,6,1,14,3.61,9,0,19,9,1.43,0
3,50,10,34.87,4,0,1,68,0.02,17.01,1,17,16,0,14,5.88,0,6,20,7,14.33,0
58,35,13,408.3,39,0,98,26,0.97,55.25,35,29,0,0,2,3.07,13,7,11,8,10.95,0
21,118,27,36.57,33,1,30,43,0.75,48.21,1,2,0,1,15,0.86,3,2,4,9,6.36,1
47,81,14,463.07,6,0,131,0,0.32,28.9,0,29,8,0,6,3.55,13,7,0,3,11.67,0
59,102,26,469.98,16,1,38,54,0.77,68.94,19,12,16,0,11,2.73,8,1,6,8,8.29,1
50,60,1,134.23,21,0,112,87,0.68,3.96,5,14,7,0,1,3.29,7,7,13,8,14.93,0
57,85,21,308.76,13,1,67,72,0.84,10.77,16,23,15,1,7,2.7,11,10,0,10,14.63,1
51,40,25,69.18,32,0,112,67,0.02,89.96,35,7,18,0,14,3.77,5,9,4,4,10.04,1
14,58,11,391.51,20,1,50,61,0.76,32.55,21,17,11,0,0,1.2,11,6,17,6,2.59,0
11,36,20,339.67,16,1,8,112,0.34,42.55,36,9,10,0,4,2.8,3,5,19,3,9.38,0
1,77,16,101.04,28,0,18,32,0.61,54.36,1,11,1,1,14,2.01,4,7,10,1,13.83,0
24,51,5,64.97,5,1,64,22,0.38,66.55,24,6,13,1,11,5.9,11,4,8,4,6.5,0
28,109,26,278.76,23,0,32,55,0.82,5.83,27,24,8,0,12,2.46,2,1,6,1,11.8,1
46,17,19,84.33,18,1,145,116,0.81,17.55,6,17,11,1,1,3.86,13,9,16,7,13.56,0
13,74,17,68.61,1,0,6,72,0.89,79.68,22,30,1,0,5,3.71,8,2,3,5,9.83,0
59,99,4,225.31,9,1,5,39,0.5,9.13,35,3,16,1,14,2.08,15,8,14,3,13.47,0
10,81,16,263.05,16,1,95,26,0.19,73.9,7,16,17,0,7,4.25,4,2,15,5,1.02,0
23,93,17,246.38,25,0,12,113,0.2,89.76,29,30,20,1,12,1.24,13,4,5,0,14.75,0
8,109,16,148.06,27,1,99,68,0.41,17.54,31,21,6,1,2,2.51,0,6,3,2,14.34,0
21,6,13,425.7,26,0,101,53,0.56,11.39,16,8,12,1,12,2.96,1,1,12,8,9.84,0
45,77,27,277.44,33,0,80,96,0.29,48.71,5,18,15,1,2,5.46,12,2,7,3,7.72,1
30,17,24,449.71,23,1,93,57,0.45,77.95,35,6,24,1,14,4.59,1,2,20,10,11.72,1
39,7,26,136.99,28,1,132,54,0.13,58.26,27,14,20,0,15,1.64,8,6,10,2,4.78,1
32,16,0,196.18,7,0,108,101,0.66,87.16,26,2,24,0,3,4.09,2,2,8,4,5.4,0
59,10,1,108.76,31,0,34,101,0.93,71.75,26,5,21,1,9,0.74,0,2,9,9,1.44,0
29,2,15,114.71,15,1,50,59,0.13,8.86,40,26,25,0,14,2.86,8,2,14,10,3.75,0
7,2,14,274.82,33,0,96,37,0.4,22.84,10,14,13,1,10,0.77,14,5,18,0,8.01,0
4,98,26,323.17,22,1,91,18,0.78,39.87,20,2,22,1,5,3.33,3,6,17,1,11.62,1
20,33,3,218.66,34,0,130,24,0.7,60.64,16,4,3,0,1,0.64,2,10,11,8,10.74,0
34,9,21,255.04,18,0,111,38,0.23,53.93,5,15,11,0,3,4.17,3,4,13,1,3.41,1
15,87,17,120.75,38,0,34,32,0.25,19.13,15,9,22,1,1,3.14,5,6,5,9,13.71,0
13,117,3,395.64,35,1,102,103,0.19,25.4,21,0,25,1,4,4.48,8,6,8,6,8.68,0
22,87,28,96.47,9,0,148,54,0.14,65.39,10,12,20,1,0,3.34,9,6,10,3,3.11,1
51,108,4,311.78,5,0,76,119,0.12,50.43,24,5,0,1,14,2.21,1,4,13,6,6.64,0
17,28,12,230.04,36,0,3,84,0.95,82.29,4,0,9,1,10,4.65,14,8,0,4,9.63,0
21,52,0,385.68,25,0,75,28,0.11,52.98,23,7,1,0,3,1.37,15,9,13,7,5.46,0
25,94,22,285.71,22,0,19,107,0.61,19.63,2,27,10,0,3,5.05,8,0,18,4,9.6,1
9,8,8,180.61,17,0,53,24,0.27,12.49,11,14,5,0,2,1.61,8,3,20,7,10.88,0
40,77,28,241.92,17,0,80,60,0.13,55.52,6,16,16,0,5,1.25,3,2,11,8,8.32,1
18,46,17,278.12,29,1,82,76,0.78,87.69,18,25,14,1,11,4.94,6,0,6,4,3.03,0
23,111,3,468.4,7,1,104,47,0.7,5.53,26,13,10,1,2,1.27,9,1,1,7,2.41,0
15,55,8,385.95,16,0,89,117,0.12,3.23,23,2,0,1,15,3.87,14,7,15,10,2.94,0
32,20,28,464.22,19,1,91,99,0.55,17.28,12,14,19,0,8,4.19,8,5,4,0,11.4,1
42,27,12,294.7,16,0,112,20,0.33,52.16,23,11,23,0,9,5,0,1,14,8,12.61,0
33,48,22,444.94,17,0,22,81,0.34,63.74,26,18,6,1,3,3.17,11,0,13,0,3.97,1
32,99,10,73.6,0,1,123,95,0.26,17.44,39,20,13,0,15,5.13,3,9,6,10,2.41,0
53,102,21,141.76,20,0,27,27,0.73,3.52,12,25,19,0,10,3.31,0,0,1,9,14.3,1
4,116,11,473.04,33,0,97,110,0.71,51.57,16,24,3,0,15,5.22,2,7,9,6,6.67,0
53,12,0,382.48,26,0,61,0,0.7,48.97,19,14,24,0,4,2.14,6,4,2,4,5.52,0
46,28,12,252.65,6,1,8,99,0.28,54.71,32,23,3,0,0,4.9,7,5,5,10,10.9,0
36,9,29,247.4,19,0,62,120,0.12,44.6,36,30,9,1,9,1.03,11,6,13,1,9.84,1
0,66,21,140.59,9,1,64,27,0.23,12.85,5,29,8,1,13,4.25,8,8,11,1,5.41,1
56,79,26,369.57,30,0,6,1,1,21.36,4,26,10,0,10,2.03,15,1,11,9,6.2,1
3,53,27,402.33,19,1,19,107,0.27,84.68,10,11,19,1,0,4.87,7,0,13,8,1.39,1
56,33,28,97.57,15,0,127,48,0.02,26.51,25,25,15,1,4,5.23,2,1,20,2,2.9,1
5,90,24,453.49,26,0,40,95,0.3,22.37,38,19,19,0,7,2.08,7,8,10,10,7.57,1
14,114,29,390.21,24,1,136,36,0.01,7.63,30,22,1,1,13,4.72,5,6,12,9,14.57,1
50,82,27,159.09,32,0,109,42,0.42,55.6,10,6,24,0,1,5.48,14,5,4,1,4.95,1
32,53,18,59.24,30,0,100,36,0.44,21.82,34,24,10,1,13,1.24,5,9,7,8,9.54,0
60,108,30,370.86,25,1,144,87,0.84,10.02,10,5,25,0,4,1.14,4,3,18,3,1.47,1
24,98,12,292.4,0,0,7,50,0.93,12.26,21,18,4,1,10,4,14,2,20,8,3.55,0
46,84,26,474.32,24,0,50,13,0.67,6.29,20,24,9,1,11,1.93,2,1,10,10,2.68,1
26,88,17,285.05,20,1,135,110,0.15,72.76,4,13,8,0,4,2.51,12,0,6,3,1.43,0
39,77,10,325.35,20,1,42,30,0.5,73.24,40,23,1,0,15,3.39,10,6,15,9,2.65,0
10,102,13,118.77,19,0,120,120,0.17,35.48,32,28,5,0,12,2.42,7,8,0,8,4.53,0
33,69,19,73.33,3,0,90,25,0.67,15.38,30,7,11,1,10,1.91,11,8,7,10,2.22,0
43,4,19,222.53,20,0,99,43,0.73,62.8,40,3,7,1,6,5.17,15,4,14,7,1.92,0
41,21,19,113.27,3,0,140,86,0.21,76.77,2,19,22,0,15,4.44,1,8,8,9,3.72,0
26,114,17,215.66,25,0,114,8,0.86,56.77,24,14,22,1,7,0.68,12,10,3,8,4.44,0
6,111,5,367.08,39,1,102,54,0.32,48.55,22,7,2,1,10,4.8,2,3,20,2,3.07,0
40,29,20,99.59,34,1,27,51,0.01,56.81,24,9,5,0,0,4.23,8,10,10,5,1.82,0
37,100,21,96.71,10,0,80,32,0.22,80.64,9,16,5,1,9,3.93,6,6,2,3,2.7,1
36,14,29,490.38,0,1,148,82,0.25,87.93,18,26,0,0,10,3.95,11,7,9,3,1.29,1
53,15,2,331.74,38,1,46,8,0.36,10.75,8,26,0,0,1,6,11,2,9,5,13.8,0
6,53,5,436.99,33,1,85,116,0.12,57.29,12,5,24,1,5,1.66,13,4,7,2,11.07,0
44,12,9,343.41,30,1,90,100,0.63,40.84,7,0,19,0,2,5.8,13,2,15,3,14.71,0
41,52,15,296.85,34,1,85,38,0.62,44.34,34,11,20,0,14,1.8,4,0,14,3,2.47,0
18,74,13,350.86,21,1,93,58,0.89,85.74,24,4,14,0,4,1.85,6,8,3,3,6.59,0
2,70,10,76.9,19,1,66,35,0.12,74.82,9,23,22,0,4,4.49,2,6,6,3,9.08,0
15,11,17,272.03,6,1,67,91,0.91,25.57,0,25,16,0,3,2.22,6,5,12,5,14.17,0
18,60,29,147.38,21,1,15,115,0.84,16.45,0,10,16,1,15,3.65,11,1,12,2,14.19,1
6,88,8,487.45,30,1,22,43,0.58,21.1,21,22,3,0,15,0.7,9,3,13,2,1.7,0
8,58,18,246.32,15,1,134,78,0.67,79.17,27,5,14,0,2,5.58,0,1,11,3,12.66,0
39,98,19,55.98,36,0,72,79,0.81,86.45,29,12,6,0,11,3.77,2,1,13,4,11.48,0
57,101,11,188.42,25,0,120,27,0.2,47.58,35,21,4,0,12,2.68,6,8,15,10,8.13,0
34,63,8,49.59,8,1,41,0,0.55,54.55,2,14,3,1,9,0.98,9,9,16,2,7.32,0
30,21,19,269.88,13,1,7,56,0.84,23.49,22,8,15,0,11,3.18,4,5,11,5,14.69,0
47,59,17,269.07,0,0,87,21,0.47,68.69,40,8,25,1,0,3.07,1,8,11,4,6.52,0
2,70,19,395.74,26,0,113,16,0.12,12.77,5,26,12,1,14,1.94,6,5,13,5,8.4,0
22,46,30,206.06,5,1,121,56,0.67,88.4,27,3,10,0,3,3.76,10,4,3,3,13.26,1
4,42,0,317.05,20,1,104,53,0.85,40.9,15,7,18,0,6,4.29,4,3,13,5,6.18,0
32,46,28,182.52,27,0,64,25,0.49,43.43,1,30,21,1,15,0.69,14,5,19,7,3.1,1
34,44,24,338.84,32,1,126,113,0.25,38.74,35,24,15,0,0,2.29,7,7,2,0,3.27,1
20,109,30,468.93,11,1,60,111,0.32,82.09,15,13,15,1,7,3.01,13,6,19,8,12.1,1
54,8,0,325.93,38,1,3,105,0.37,75.95,9,15,4,0,10,3.92,9,5,14,4,5.22,0
34,96,23,448.06,6,1,36,20,0.48,51.33,34,25,14,1,2,4.18,9,7,20,4,13.36,1
21,118,2,236.18,23,0,114,29,0.58,9.1,20,21,19,0,4,5.53,13,1,8,5,1.74,0
44,34,28,47.78,14,1,119,75,0.17,66.47,5,26,12,0,4,4.9,0,3,11,0,2.89,1
24,67,18,39.38,4,1,12,10,0.88,55.31,7,8,19,0,11,2.73,11,4,9,8,3.63,0
2,64,6,122.13,27,1,118,95,0.05,31.78,15,27,23,1,4,1.34,2,0,5,6,2.13,0
13,23,2,90.02,25,1,25,88,0.78,67.37,31,30,18,1,1,1.25,1,9,6,7,3.49,0
15,94,29,87.87,29,1,31,65,0.87,16.35,24,17,24,0,10,1.72,8,2,4,6,8.99,1
42,117,23,403.67,16,0,18,78,0.33,16.36,39,2,24,0,6,2.14,6,8,0,10,13.74,1
24,110,25,104.07,25,1,85,103,0.24,45.64,24,2,15,0,5,1.57,2,10,13,4,5.02,1
12,68,14,498.64,31,0,112,77,0.77,46.15,25,30,8,1,6,5.01,15,6,20,3,3.85,0
60,30,19,291.87,0,0,42,3,0.85,12.05,6,14,4,0,1,1.88,11,10,14,8,10,0
28,31,10,317.1,3,1,119,40,0.2,27.69,26,27,16,1,12,2.53,5,0,15,7,4.02,0
14,19,2,124.54,28,1,113,99,0.38,89.99,34,13,8,0,4,2.15,0,2,3,8,13.62,0
44,109,2,425.39,19,0,149,100,0.96,72.97,28,11,13,1,7,5.56,12,10,10,0,2.88,0
6,6,30,234.02,35,1,24,117,0.64,9.39,8,4,11,1,15,0.8,11,9,5,9,12.31,1
7,29,2,258.08,18,0,58,35,0.98,76.22,40,9,22,1,5,0.58,15,7,16,9,12.69,0
20,82,1,488.9,27,0,5,115,0.93,23.91,10,20,24,1,14,1.33,4,6,5,9,12.76,0
14,28,15,204.06,28,0,121,26,0.37,75.3,12,22,24,0,15,3.87,4,8,17,0,4.27,0
11,112,27,238.15,19,1,65,26,0.2,55.05,4,13,20,0,8,2.08,7,5,0,5,5.32,1
56,119,16,199.64,0,0,114,98,0.25,21.48,27,19,12,0,14,3.67,3,10,19,10,9.34,0
42,64,5,407.61,9,1,17,12,0.11,50.04,0,19,7,1,1,1.26,15,0,4,7,5.75,0
35,74,19,112.52,28,0,58,25,0.6,34.72,36,22,22,1,6,4.91,10,0,12,9,3.04,0
52,39,14,226.48,18,0,15,4,0.12,74.7,30,25,1,0,6,4.39,6,3,10,7,4.83,0
28,119,9,260.5,3,0,72,4,0.78,58.99,25,6,11,1,2,5.06,12,2,5,5,6.2,0
11,40,0,204.95,13,1,113,0,0.35,56.99,33,14,5,0,0,5.3,12,1,12,10,13.32,0
36,51,3,45.82,39,1,23,6,0.59,39.31,13,22,4,1,15,3.31,1,7,4,6,10.91,0
35,67,10,374.86,23,1,63,6,0.05,26.18,27,0,9,1,5,3.48,1,7,10,1,3.81,0
45,88,10,392.36,18,1,143,70,0.99,23.66,40,30,3,1,12,2,15,4,13,3,5.93,0
33,118,1,493.62,35,1,10,38,0.12,59.4,2,2,1,1,13,4.18,6,7,7,1,6.81,0
31,55,24,70.91,12,1,18,23,0.9,6.78,29,2,18,1,5,5.19,10,3,16,9,7.27,1
41,87,4,369.34,0,0,49,25,0.31,9.58,5,7,2,1,1,4.87,8,10,8,0,5.02,0
1,82,11,44.91,11,0,24,92,0.23,38.61,28,11,15,1,13,2.74,8,10,10,9,8.88,0
60,116,18,423.82,9,1,35,3,0.22,9.45,4,28,18,0,11,2.14,9,0,18,1,10.51,0
35,56,6,68.01,40,1,92,85,0.81,20.95,35,17,25,0,12,5.82,2,9,4,7,6.88,0
26,22,5,60.38,17,0,147,22,0.36,11.85,35,5,16,0,9,4.86,11,9,10,9,14.08,0
5,75,21,330.22,3,1,14,37,0.15,19.19,37,3,12,0,5,2.32,1,0,19,4,4.33,1
56,13,14,442.45,36,0,95,23,0.86,77.93,12,2,16,0,3,4.71,6,6,7,10,2.34,0
57,26,22,258.95,18,0,46,33,0.13,15.23,3,23,7,0,8,2.94,10,3,10,3,5.6,1
17,39,29,42.55,9,1,52,89,0.23,59.3,2,26,17,0,5,1.94,15,3,1,8,2.38,1
37,62,10,278.41,3,1,82,2,0.75,54.51,23,2,3,1,12,0.93,4,2,0,3,6.91,0
35,60,1,232.66,30,1,77,50,0.3,9.51,9,11,18,1,2,3.01,7,10,5,5,11.8,0
45,3,10,367.3,12,0,108,39,0.31,20.84,15,11,11,0,6,2.67,3,10,17,1,5.38,0
26,27,22,116.74,40,1,139,13,0.27,44.21,7,1,17,0,6,2.06,9,4,11,3,8.36,1
44,41,23,398.1,13,0,49,22,0.6,40.24,28,28,12,0,11,5.21,8,10,13,6,6.32,1
16,28,9,406.83,24,0,132,29,0.16,77.18,24,6,22,1,10,2.41,11,10,18,5,2.84,0
59,55,29,455.74,39,0,56,120,0.1,20.46,35,24,20,0,2,4.98,14,0,18,1,12.89,1
46,37,5,149.45,33,0,61,37,0.78,32.01,31,30,22,0,13,3.28,14,0,6,4,11.01,0
5,36,5,486.34,20,0,59,55,0.26,36.77,7,16,12,0,1,5.12,2,5,8,4,8.22,0
55,67,25,460.81,10,1,145,25,0.7,70.12,24,7,23,1,6,3.44,0,7,2,1,12.09,1
55,106,0,436.55,5,1,33,63,0.78,76.75,36,15,23,0,11,2.24,8,5,13,8,6.24,0
29,28,26,119.32,22,0,30,23,0.31,24.64,6,3,15,0,13,1.87,5,10,17,7,2.39,1
16,64,27,175.27,7,1,96,16,0.32,68.48,20,18,7,1,0,5.99,3,9,19,2,5.8,1
58,80,19,437.47,38,0,150,26,0.98,56.34,6,19,3,0,0,3.88,14,5,13,7,13.99,0
52,113,29,289.23,0,0,73,55,0.07,47.66,27,19,21,0,9,1.62,3,2,3,4,2.8,1
39,15,15,209.69,16,0,148,28,0.32,50.01,13,28,12,1,1,1.99,0,2,6,6,10.28,0
40,41,2,382.17,35,1,124,26,0.44,44.64,22,6,12,1,3,5.31,8,3,16,6,6.49,0
39,92,22,229.74,27,0,15,108,0.48,68.2,0,15,4,1,8,4.76,9,5,7,9,12.73,1
54,117,12,246.38,28,1,97,56,0.58,86.78,36,18,6,1,10,3.47,11,2,16,8,14.02,0
17,82,16,295.56,20,1,94,46,0.46,25.5,37,4,22,0,11,3.77,15,1,17,1,6.92,0
34,10,12,68.78,5,1,48,85,0.3,36.94,40,5,14,1,11,4.08,2,0,5,10,7.86,0
5,24,17,386,12,1,28,110,0.84,12.29,25,18,8,0,2,4.49,4,4,10,3,3.12,0
41,78,4,333.83,21,1,6,3,0.9,50.42,31,6,1,1,9,2.03,8,9,3,6,3.83,0
27,117,11,152.42,17,1,4,46,0.03,13.2,27,15,24,0,10,3.36,3,4,8,5,4.22,0
26,9,29,316.13,24,0,12,23,0.78,46.24,3,28,14,1,1,5.23,1,7,4,7,2.09,1
33,14,20,121.23,30,0,56,107,0.87,57.83,13,2,3,1,7,1.8,5,2,2,2,6.66,0
56,29,22,293.55,29,1,95,98,0.08,53.79,0,6,12,0,1,4.08,6,7,13,5,14.03,1
5,106,16,383.93,34,0,42,82,0.4,7.05,31,29,20,1,7,2.09,6,9,16,7,4.09,0
17,5,29,330.32,5,0,58,107,0.29,51.17,31,10,11,0,11,5.98,4,1,16,7,4.98,1
58,33,16,236.66,2,1,44,10,0.62,80.07,33,19,10,0,0,1.45,5,2,18,6,6.62,0
31,114,17,236.08,25,1,132,10,0.56,3.75,2,3,13,0,8,5.19,1,7,19,4,10.92,0
28,7,5,37.75,22,0,118,32,0.34,75.24,3,6,24,0,10,1.56,11,7,13,10,14.52,0
20,25,3,407.43,39,0,142,33,0.64,56.01,32,12,2,0,2,2.07,9,0,18,5,8.01,0
17,94,25,429.77,6,1,63,3,0.68,7.77,11,2,9,1,3,1.58,8,6,5,10,4.64,1
22,39,15,183.86,9,0,131,22,0.53,70.16,6,6,23,1,10,4.49,4,6,4,10,12.22,0
47,91,1,454.17,18,0,99,45,0.62,11.57,2,15,21,0,11,3.51,12,8,10,1,9.57,0
55,62,21,286.05,27,1,116,86,0.02,63.78,32,7,3,0,7,1.77,0,3,14,1,3.65,1
8,99,23,303.58,20,1,38,28,0.88,71.74,27,13,25,1,14,2.01,15,1,17,0,8.83,1
52,72,24,94.06,20,0,1,39,0.84,41.43,25,22,7,1,14,5,6,3,13,2,3.36,1
9,6,4,216.76,11,0,53,0,0.42,70.03,35,3,3,0,2,4.65,2,5,3,7,6.27,0
53,16,4,344.98,40,1,122,26,0.49,87.12,26,27,10,1,15,1.64,11,3,16,8,3.04,0
33,62,12,341.11,15,1,41,6,0.34,77.04,9,5,10,0,12,1.55,6,4,4,1,10.35,0
22,66,24,361.48,40,1,123,103,0.18,81.97,14,6,4,0,6,5.91,2,6,4,8,4.19,1
50,120,27,144.36,12,1,144,103,0.14,73.52,32,0,11,0,11,2.48,3,0,0,3,3.28,1
38,24,13,409.93,33,0,130,119,0.57,34.56,27,6,10,0,8,1.97,13,10,1,9,13.22,0
2,40,11,474.5,11,1,147,86,0.99,82.12,34,0,15,1,0,5.92,12,8,9,1,14.77,0
38,5,21,159.82,32,1,126,63,0.98,3.35,29,19,6,0,1,1.69,0,10,6,9,9.84,1
40,34,13,315.44,37,1,109,77,0.94,25.83,24,15,22,0,4,3.3,10,1,7,2,6.31,0
55,69,24,195.99,32,1,46,43,0.63,72.02,26,0,3,1,1,5.58,13,0,17,9,5.08,1
1,39,14,291.58,14,1,16,117,0.12,44.8,33,6,12,0,0,3.44,2,8,18,4,3.31,0
12,89,7,475.38,25,0,1,103,0.35,86.46,28,15,3,0,7,3.86,0,0,9,2,11.59,0
46,32,24,75.61,6,0,118,36,0.52,29.89,3,25,13,0,3,2.9,2,7,17,1,12,1
14,10,29,246.27,31,1,52,89,0.46,66.5,14,6,7,1,6,3.75,15,1,10,5,4.72,1
56,112,14,291.36,31,0,117,82,0.58,17.56,6,28,8,0,4,2.9,15,3,20,7,4.9,0
50,59,15,154.54,25,0,137,11,0.66,54.58,11,4,14,0,3,2.69,13,4,16,9,12.13,0
0,87,30,187.33,16,0,77,23,0.02,37.02,10,16,23,0,14,1.16,5,6,4,9,1.77,1
30,97,16,97.3,20,1,68,82,0.14,70.23,23,26,7,0,14,3.66,4,0,19,7,5.81,0
36,44,29,62.91,25,1,44,56,0.95,72.71,22,28,22,0,4,3.7,14,6,15,7,1.86,1
16,13,5,490.2,15,1,64,27,0.37,83.05,3,1,12,0,15,2.75,8,8,16,1,4.84,0
56,93,7,460.79,26,0,4,4,0.91,59.16,35,8,25,0,6,5.86,0,2,0,9,9.53,0
2,83,18,264.88,8,0,26,34,0.53,13.87,14,14,18,0,7,5.97,9,3,7,10,7.5,0
44,105,27,139.55,39,0,133,120,0.75,79.76,37,10,21,1,4,2.83,13,8,17,8,4.64,1
58,96,3,157.28,31,1,84,51,0.33,78.51,30,7,6,1,2,3.67,13,0,8,10,10.87,0
23,43,24,327.18,39,1,116,51,0.13,40.97,21,3,1,1,14,3.97,11,10,0,10,4.77,1
2,16,7,486.42,38,1,139,55,0.23,35.3,33,3,13,1,6,2.71,5,8,8,3,10.8,0
10,45,12,458.01,28,1,85,22,0.09,46.51,23,2,14,0,15,2.79,2,3,3,5,3.73,0
55,76,11,207.31,22,1,82,106,0.9,78.96,12,0,23,0,10,1.59,6,4,6,1,10.38,0
10,27,22,192.26,3,0,99,111,0.46,2.94,16,23,11,0,11,5.79,5,2,10,2,13,1
8,103,23,425.48,13,0,20,3,0.95,33.53,30,17,4,1,0,2.31,10,5,6,4,13.62,1
54,80,20,89.49,39,0,49,28,0.98,45.68,6,16,17,1,8,2.55,8,6,6,0,11.13,0
34,79,10,320.08,4,0,71,14,0.88,36.94,31,3,2,0,12,5.81,10,6,17,6,8.57,0
11,12,12,495.66,38,1,78,84,0.89,71.82,13,1,13,0,6,5.56,3,9,13,10,13.08,0
36,86,11,351.22,37,1,150,87,0.2,44.93,28,8,2,0,11,5.92,1,10,19,8,6.22,0
15,101,20,51.36,21,1,132,92,0.75,17.53,25,23,17,1,14,4.57,11,2,11,9,2.91,0
10,95,6,439.31,0,0,131,109,0.94,66.27,3,19,22,1,14,3.13,11,2,0,10,5.97,0
10,113,28,42.94,13,0,55,47,0.89,49.58,7,28,0,1,4,3.09,6,6,0,6,9.24,1
46,90,14,380.21,25,0,132,27,0.66,64.25,37,25,4,1,5,3.89,1,10,1,9,3.13,0
23,100,1,141.06,32,1,88,90,0.13,66.84,6,18,10,1,1,1.65,4,6,18,3,13.65,0
7,89,19,287.75,0,0,56,80,0.56,70.4,29,3,7,1,14,5.32,10,1,17,2,14.68,0
54,68,16,193.43,25,1,33,30,0.05,17.89,40,12,20,0,9,1.6,7,10,20,2,7.34,0
35,11,9,110.72,29,1,121,71,0.59,87.77,34,14,0,1,1,2.18,12,5,6,9,12.33,0
2,101,15,416.01,6,0,56,9,0.28,85.21,0,1,25,0,2,5.37,12,2,16,3,14.06,0
32,55,29,315.52,17,1,15,64,0.29,74.35,32,20,23,0,15,2.66,14,2,6,2,13.25,1
55,37,20,151.04,5,1,139,12,0.28,51.44,4,12,18,0,8,1.77,1,5,2,7,12.76,0
21,86,25,230.1,25,0,145,117,0.62,25.01,21,13,1,0,9,3.06,0,3,14,0,9.65,1
57,64,15,201.99,6,0,34,115,0.15,72.84,7,22,0,1,7,1.74,14,0,4,7,2.27,0
23,51,27,160.74,34,0,50,9,0.98,26.67,12,7,8,0,3,4.25,8,3,11,2,12.69,1
32,92,6,323.06,37,0,68,93,0.09,26.12,0,6,15,1,2,2,9,5,0,2,4.04,0
48,103,2,179.17,34,0,60,91,0.17,85.41,30,29,7,0,8,3.39,13,5,15,1,10.05,0
13,27,23,280.21,37,0,15,83,0.63,80.69,17,10,20,1,3,5.59,12,2,12,10,3.83,1
37,31,3,400.7,20,0,94,79,0.17,53.81,2,12,4,0,13,2.59,14,4,12,10,8.6,0
23,78,26,265.67,33,1,26,115,0.09,66.43,1,3,16,1,1,3.69,0,8,17,4,1.15,1
31,104,1,101.35,22,0,51,39,0.98,56.86,7,23,7,0,13,5.61,6,6,6,2,10.9,0
7,48,17,141.03,17,0,53,3,0.17,65.3,37,26,12,0,1,5.79,6,4,20,9,8.72,0
59,34,4,309.69,1,0,87,120,0.19,83.4,40,19,20,0,10,2.98,1,8,20,5,7.22,0
32,75,17,281.59,4,0,123,104,0.56,81.16,30,23,11,1,13,5.64,10,5,17,9,5.51,0
4,17,30,155.73,15,1,66,13,0.17,34.99,39,20,12,0,15,5.1,1,8,14,6,3.45,1
22,36,4,199.82,10,1,46,31,0.28,27.35,14,24,5,0,4,3.89,1,4,14,2,9.67,0
7,99,30,190.45,27,0,122,105,0.63,86.72,25,8,9,1,9,0.97,4,8,1,4,13.71,1
11,1,27,30.85,12,1,33,34,0.24,86.53,34,15,8,1,9,1.95,6,0,4,6,10.24,1
40,16,29,116.26,11,1,94,87,0.74,54.69,2,1,24,1,14,5.69,10,0,0,1,5.42,1
18,88,15,145.92,3,1,21,106,0.56,9.68,34,22,19,0,2,3.58,1,1,1,1,12.73,0
50,116,17,218.19,31,0,143,26,0.34,37.98,11,30,8,1,10,5.92,6,8,11,1,12.15,0
6,101,21,199.32,16,0,26,110,0.1,74.81,32,26,8,1,6,2.16,6,5,4,9,6.49,1
21,30,1,158.77,38,1,45,45,0.97,77.12,22,22,8,0,15,4.87,12,8,17,0,1.03,0
11,20,17,346.83,16,1,141,117,0.19,31.37,14,22,16,1,0,2.37,12,1,1,3,13.62,0
48,80,3,56.17,31,1,50,64,0.58,50.05,36,16,1,1,1,4.16,11,10,8,9,9.02,0
51,61,5,204.2,32,1,56,73,0.76,68.25,36,0,20,1,10,5.01,0,9,20,4,13.23,0
0,65,19,291.33,28,0,80,75,0.04,23.51,4,10,22,0,14,3.93,5,10,11,0,14.57,0
3,67,13,406.21,0,1,91,17,0.8,21.58,28,22,14,0,2,3.02,6,2,20,2,2.23,0
37,39,1,434.76,19,0,118,82,0.39,5.34,0,14,3,1,14,5.91,0,0,7,0,6.71,0
50,14,20,120.36,14,0,140,102,0.71,10.71,21,23,19,1,8,0.53,8,2,14,4,10.58,0
18,64,29,154.6,1,0,70,114,0.68,83.64,5,12,10,1,8,5.54,0,2,10,4,2.11,1
9,86,17,422.54,26,1,48,51,0.04,70.07,34,20,20,0,2,1.62,1,10,9,9,4.58,0
54,92,1,404.2,30,1,48,84,0.33,7.53,5,30,14,0,10,1.86,10,10,13,10,4.83,0
16,113,27,410.28,9,1,26,70,0.83,51.44,24,26,19,1,2,2.21,3,0,6,10,11.66,1
58,83,3,162.86,36,1,91,61,0.87,53.21,27,21,8,1,11,5.6,9,9,20,1,10.29,0
33,19,16,198.23,8,0,69,89,0.57,77.15,36,3,15,1,15,3.91,10,10,7,7,11.9,0
35,85,24,219.62,11,1,123,1,0.17,64.88,14,22,18,1,12,5.96,12,6,20,2,10.18,1
56,12,9,282.87,37,0,143,49,0.6,27.24,25,24,15,0,2,0.75,7,5,1,2,8.15,0
18,93,10,115.15,6,0,127,89,0.55,65.03,30,0,16,0,3,4.05,13,9,20,1,6.11,0
45,15,20,306.55,39,1,136,83,0.73,42.75,17,2,19,1,10,1.74,6,4,8,6,2.07,0
12,8,0,345.78,23,0,141,12,0.94,23.36,15,17,3,1,6,0.9,6,10,4,6,9.77,0
41,3,23,77.35,24,0,66,37,0.18,42.05,11,13,22,1,14,4.68,0,6,15,7,8.7,1
60,25,10,289.19,17,0,39,98,0.72,56.86,16,11,0,0,10,2.93,8,4,5,3,9.5,0
59,14,2,329.7,38,1,97,89,0.74,18.1,19,22,0,1,1,3.06,4,0,13,3,10.33,0
40,27,28,229.37,32,0,47,75,0.16,9.96,19,2,2,0,0,0.59,12,6,20,0,14.96,1
30,118,29,299.62,34,1,35,5,0.2,56.88,30,24,10,1,11,0.73,4,7,3,4,10.43,1
12,58,16,478.34,4,1,53,57,0.79,63.02,39,15,6,1,14,1.49,4,10,18,0,11.65,0
16,101,13,323.55,7,0,146,54,0.09,69.63,29,22,14,0,10,0.6,5,10,9,5,6.6,0
35,61,14,393.6,20,0,20,115,0.48,50.97,30,28,12,1,11,3.47,2,9,15,2,10.23,0
23,34,24,196.47,11,1,81,70,0.93,55.01,22,10,7,0,5,1.16,10,0,6,3,11.26,1
36,86,2,99.71,12,0,47,80,0.58,9.23,33,6,20,0,14,1.35,1,7,17,4,11.21,0
15,76,4,390.81,34,0,94,33,0.73,26.24,1,23,7,1,8,1.61,3,2,16,9,6.29,0
38,92,8,397.44,28,1,66,80,0.78,18.28,6,14,8,0,8,4.45,1,9,15,3,2.62,0
60,7,13,394.58,20,0,146,63,0.68,68.66,35,16,5,1,6,2.31,0,8,4,4,7.31,0
0,41,7,42.47,35,0,39,80,0.34,78.08,16,5,9,1,10,2.45,9,2,19,0,2.47,0
4,53,13,230.18,20,1,149,5,0.42,69.57,39,28,12,0,15,5.54,15,8,0,10,5.19,0
42,62,10,241.98,10,1,71,102,0.42,22.92,15,2,14,1,1,2.69,11,6,16,4,3.18,0
41,95,20,411.38,14,1,92,52,0.54,80.09,19,30,13,0,4,4.58,7,3,18,1,12.2,0
40,71,4,218.67,30,1,141,80,0.2,38.26,5,13,25,1,6,4.66,3,9,17,2,14.47,0
42,41,14,408.62,1,0,32,67,0.92,32.89,16,12,23,0,12,4.08,5,7,19,0,7.32,0
16,45,3,75.29,24,1,122,62,0.34,29.55,16,27,12,1,3,3.63,11,8,4,0,1.01,0
45,110,1,400.14,17,1,69,117,0.17,69.21,17,1,23,1,6,3.08,5,5,7,3,5.27,0
29,112,14,35.51,20,0,2,109,0.13,71.52,32,20,5,0,14,4.34,15,9,12,5,10.04,0
58,17,1,197.36,14,0,27,89,0.72,45.42,2,4,2,1,2,4.54,7,3,14,3,3.72,0
24,17,6,208.59,1,1,114,13,0.05,89.66,34,5,11,0,5,5.25,7,2,18,8,9.75,0
45,30,16,198.19,17,1,72,73,0.64,17.35,34,14,23,0,3,5.49,6,2,20,8,6.4,0
39,104,16,79.25,29,0,80,2,0.84,20.95,28,15,20,1,14,5.19,7,3,12,8,12.7,0
37,50,9,475.69,6,0,111,66,0.5,52.76,37,12,9,0,5,3.31,5,4,2,7,9.66,0
60,102,21,317.96,15,0,1,36,0.58,37.7,25,15,5,1,1,0.96,13,9,6,5,3.44,1
58,15,0,463.68,34,1,32,109,0.64,49.5,31,20,21,0,12,4.16,0,2,20,7,13.17,0
30,12,21,385.68,12,1,86,74,0.18,71.6,27,29,1,1,0,5.58,8,3,10,0,12.76,1
28,74,13,404.11,27,1,144,35,0.54,26.75,19,14,19,0,8,3.42,5,0,2,8,11.05,0
0,103,26,396.84,11,1,41,62,0.41,88.8,40,4,18,1,3,2,0,7,14,6,4.1,1
27,116,26,245.74,38,0,5,10,0.83,17.25,19,11,24,1,8,3.71,10,10,10,3,7.18,1
35,64,21,418.57,20,1,105,49,0.87,89.37,14,20,22,0,4,6,6,1,15,5,4.67,1
47,64,15,103.29,39,1,148,101,0.28,69.6,37,10,0,0,3,1.59,15,3,7,7,6.57,0
15,101,8,445.68,8,1,57,117,0.09,28.66,26,19,24,0,10,3.18,14,7,3,3,13.13,0
44,114,28,362.69,7,0,10,26,0.96,56.05,25,30,18,1,15,5.67,8,3,2,6,5.07,1
45,112,9,61.06,40,1,23,10,0.04,49.34,36,27,4,0,15,1.67,4,7,15,9,7.58,0
43,6,22,241.14,10,0,114,83,0.87,2.84,1,24,19,1,7,3.91,10,5,4,3,6.62,1
3,14,24,162.82,40,0,4,120,0.66,89.42,17,24,18,1,14,2.59,10,5,20,1,1.64,1
35,112,13,240.52,37,0,145,54,0.68,68.05,17,22,17,0,9,4.1,10,3,10,0,8.93,0
1,87,7,424.45,26,0,106,68,0.11,69.52,7,10,24,0,11,4.27,2,0,8,4,5.79,0
6,41,24,128.79,30,0,12,106,0.65,85.63,28,24,24,1,14,4.93,1,9,10,9,14.54,1
13,24,24,127.51,22,1,69,65,0.46,72.16,23,22,15,0,0,1.56,12,3,15,1,5.67,1
23,21,16,446.1,26,0,20,17,0.68,50.33,31,2,2,0,2,1.09,5,6,16,4,1.33,0
5,118,25,477.89,39,1,104,37,0.92,75.01,27,13,7,0,3,1.31,5,8,20,5,1.65,1
29,67,21,211.67,27,1,14,92,0.19,51.53,2,30,24,0,4,4.86,6,2,11,7,1.72,1
25,81,19,273.87,4,0,106,104,0.48,34.66,23,14,1,1,8,3.94,3,2,1,7,12.48,0
46,51,23,294.13,13,1,36,100,0.13,13.87,25,22,14,1,8,4.08,7,5,11,2,12.22,1
20,29,10,280.71,7,0,41,53,0.75,31.36,15,18,10,1,15,0.84,11,6,5,10,6.61,0
13,104,23,220.45,2,1,99,7,0.08,22.87,32,1,14,1,14,0.8,2,1,11,6,6.11,1
58,119,9,219.87,6,1,22,83,0.5,49.98,27,4,10,0,9,1.08,12,3,19,7,9.5,0
22,26,6,463.02,1,1,65,98,0.94,28.48,14,7,10,0,4,3.25,2,8,7,9,3.98,0
45,104,16,213.59,39,0,20,85,0.6,7.1,17,29,18,1,11,5.36,15,5,0,10,7.1,0
53,80,4,413.83,18,1,75,112,0.63,4.67,21,14,2,1,6,4.15,9,3,4,5,12.88,0
12,72,25,101.1,3,0,6,106,0.79,37.28,23,22,16,0,5,4.95,8,10,10,9,9.62,1
4,60,26,166.08,33,0,40,11,0.79,52.24,26,1,10,1,0,2.73,0,8,19,6,12.96,1
33,35,1,472.05,5,1,54,1,0.49,67.54,3,15,7,1,11,5.11,6,8,19,7,5.94,0
27,28,15,378.38,40,1,105,116,0.9,89.49,27,13,19,1,3,2.39,1,2,4,0,4.9,0
29,11,27,410.03,32,0,6,4,0.26,79.52,30,19,9,0,11,4.93,10,9,19,10,8.21,1
48,61,9,426.02,37,0,81,115,0.94,6.2,32,0,21,0,8,1.89,10,10,0,2,1.23,0
13,105,30,392.87,18,0,85,72,0.23,87.85,37,1,13,1,10,0.94,6,4,7,2,7.87,1
46,17,4,85.37,14,1,43,88,0.62,68.12,0,1,2,1,1,0.61,7,8,13,7,10.9,0
40,1,16,427.95,36,1,148,14,0.43,76.94,15,16,16,0,9,3.51,0,10,7,6,6.05,0
28,7,25,174.39,1,0,150,9,0.95,29.37,7,11,15,1,10,2.42,15,0,10,6,7.21,1
34,64,3,381.72,16,0,80,105,0.33,13.76,16,10,0,0,15,4.79,5,6,0,8,3.71,0
26,80,11,56.42,22,0,12,48,0.84,43.15,15,25,8,0,15,5.16,7,1,1,1,8.51,0
7,39,14,352.71,36,1,41,93,0.6,40.51,2,11,4,0,8,5.79,2,8,10,3,5.24,0
0,17,5,342.52,9,0,86,22,0.14,3.4,32,20,25,0,1,4.37,1,0,1,1,8.18,0
43,51,5,39.79,21,1,116,79,0.12,37.82,31,19,4,0,9,4.59,12,9,14,5,12.98,0
21,6,5,147.22,8,1,34,84,0.1,67.16,13,30,2,0,5,5.83,12,1,4,1,5.13,0
42,15,15,138.47,16,1,105,103,0.58,54.73,37,30,16,0,5,1.43,7,3,11,6,5.94,0
34,54,19,214.42,34,1,97,56,0.62,65.18,21,4,9,1,3,4.98,15,9,16,1,10.42,0
40,11,29,437.43,8,0,22,66,0.04,86.05,12,0,6,1,10,0.66,15,6,3,4,9.44,1
33,117,9,365.32,33,1,76,32,0.89,30.31,38,18,13,0,2,2.89,3,9,14,8,9.45,0
11,94,12,99.06,11,1,148,47,0.55,77.11,35,22,20,1,9,2.6,10,6,7,3,13.82,0
44,22,21,105.2,28,1,41,89,0.4,49.35,14,30,18,1,8,4.12,11,3,18,0,9.41,1
0,101,28,367.72,27,0,72,112,0.8,74.07,21,24,6,1,0,4.77,13,3,2,3,11.6,1
8,21,24,79.45,31,1,87,30,0.2,17.25,11,9,17,1,3,3.36,9,6,3,3,1.27,1
35,66,29,398.88,1,1,53,46,0.35,60.92,33,30,19,1,4,2.51,15,4,3,4,4.86,1
7,75,29,73.79,6,1,53,50,0.93,40.89,23,26,9,1,1,4.75,0,6,20,7,10.37,1
12,17,26,182.11,29,0,94,25,1,49.47,28,6,1,1,14,4.5,1,6,9,2,12.17,1
59,97,17,405.21,22,0,28,102,0.64,83.39,19,19,11,0,14,4.9,3,4,3,10,13.07,0
47,118,1,32.05,24,1,96,19,0.05,64.65,5,6,17,1,11,3.35,11,9,15,0,12.84,0
42,27,4,162.13,2,0,144,81,0.08,31.48,40,28,1,0,13,1.22,11,9,4,4,1.55,0
36,88,27,69.41,32,1,121,111,0.29,89.03,25,6,12,1,3,3.99,8,1,12,10,7.79,1
38,46,14,491.5,40,0,100,30,0.95,68.84,16,14,12,1,0,2.78,6,10,10,4,4.31,0
17,39,4,299.87,16,0,18,118,0.45,83.15,26,29,23,1,12,0.98,15,10,18,5,14.44,0
58,85,23,133.42,21,1,126,66,0.78,2.67,18,4,13,1,6,4.37,10,6,1,8,8.18,1
21,111,30,424.39,10,1,28,13,0.09,6.78,0,9,7,0,7,5.79,14,3,8,1,14.8,1
59,44,15,272.2,0,1,119,6,0.04,84.57,14,13,18,0,2,4.68,4,9,9,10,1.54,0
33,29,0,453.8,38,0,68,34,0.41,54,2,15,14,0,5,2.01,10,0,3,7,9.48,0
20,2,29,428.39,32,1,60,28,0,24.05,22,14,7,0,6,1.63,5,4,10,8,1.17,1
37,11,26,86.19,5,1,77,73,0.13,71.54,24,3,18,1,14,0.97,0,10,0,2,1.85,1
43,111,10,434.26,0,1,123,109,0.45,3.47,27,14,1,1,11,4.27,13,8,13,3,3.31,0
1,24,15,491.9,16,1,138,77,0.5,79.64,37,20,22,0,2,5.94,1,6,7,4,4.89,0
7,107,28,365.76,5,0,90,24,0.11,68.2,20,23,20,0,8,4.7,9,6,13,9,5.42,1
12,118,29,113.23,10,1,1,23,0.96,43.55,24,26,10,1,3,5.91,10,3,11,1,13.43,1
42,13,7,395.21,28,0,81,106,0.75,60.76,17,7,12,0,5,4.52,9,6,2,10,6.64,0
27,106,2,109.74,38,1,73,94,0.75,63.8,21,5,3,1,0,5.64,3,10,14,1,9.69,0
35,80,18,295.22,17,0,19,16,0.61,73.68,14,22,24,0,5,5.83,3,9,19,8,4.14,0
7,82,16,124.86,34,0,3,69,0.08,12.8,25,12,4,0,14,4.87,13,10,1,5,8.39,0
35,91,5,353.87,3,1,99,66,0.93,76.98,1,26,15,0,4,4.16,0,3,0,1,2.79,0
11,78,25,228.86,23,1,43,72,0.6,79.38,19,10,21,0,11,3.35,4,9,8,5,11.79,1
45,112,5,150.8,35,0,133,51,0.31,7.89,35,8,19,1,1,4.47,7,0,16,5,2.83,0
51,78,13,225.92,28,1,12,48,0.56,74.76,11,15,18,1,10,4.95,4,9,11,3,9.17,0
16,92,1,219.27,9,0,26,84,0.79,39.48,30,26,25,0,3,3.91,15,1,11,3,1.05,0
17,88,19,207.66,21,1,98,6,0.63,50.56,6,5,4,0,8,4.36,12,7,5,2,3.27,0
30,26,27,464.4,9,1,108,46,0.49,28.54,0,28,6,1,13,3.86,9,9,5,8,10.86,1
1,104,1,164.92,9,0,13,32,0.97,41.21,8,25,23,0,5,4.92,12,7,14,3,2.28,0
0,36,18,415.02,37,0,26,91,0.65,85.29,14,21,11,0,5,3.22,7,8,7,10,14.92,0
34,73,21,319.41,32,0,78,53,0.87,71.83,17,9,8,0,13,2.55,2,8,11,1,8.46,1
3,76,13,61.74,34,0,88,92,0.6,88.8,36,21,9,1,2,3.4,3,7,11,7,1.71,0
19,71,20,461.87,1,1,59,90,0.76,84.73,26,19,0,0,14,0.77,10,1,15,6,11.62,0
18,57,30,478.5,24,1,112,113,0.73,32.37,37,22,22,1,14,4.95,15,9,15,8,5.85,1
51,2,30,434,9,1,119,106,0.48,21.54,14,22,16,1,10,0.62,13,0,14,2,9.93,1
17,27,13,242.9,3,0,114,6,0.93,83.29,13,13,6,0,11,0.51,6,5,20,10,5.66,0
46,17,3,428.97,24,1,65,97,0.96,83.06,34,16,12,1,13,3.81,13,0,0,0,12.97,0
44,117,0,492.65,0,1,141,51,0.07,30.11,0,20,22,1,8,5.23,10,3,18,10,5.52,0
26,20,7,237.83,16,0,39,10,0.13,65.68,21,21,12,0,10,5.78,7,1,7,7,10.71,0
9,58,30,405.43,14,1,106,27,0.27,32.51,0,15,10,0,1,5.97,9,5,7,6,4.19,1
36,32,18,159.59,22,1,102,95,0.18,31,30,1,15,0,4,3.6,11,5,5,7,6.65,0
20,89,5,332.26,20,0,16,26,0.35,46.55,5,23,11,1,12,5.59,12,4,2,2,1.88,0
4,45,22,361.65,36,1,127,61,0.1,66.19,13,19,6,0,4,5.29,1,0,10,4,6.66,1
52,15,2,178.24,33,1,10,119,0.18,34.9,23,5,25,1,9,5.99,13,6,12,9,9.38,0
12,2,6,68.51,39,0,21,21,0.03,31.97,3,28,13,1,6,3.3,13,4,11,5,4.94,0
36,106,1,297.41,30,1,145,77,0.76,32.91,32,2,9,1,2,0.92,13,0,10,5,11.59,0
32,51,6,259.78,27,0,33,78,0.3,26.82,14,27,22,0,13,0.53,7,9,20,5,14.49,0
44,70,10,440.44,36,1,136,68,0.55,17.62,20,27,5,1,5,2.58,0,2,3,0,12.88,0
25,66,20,261.65,2,1,64,10,0.24,49.25,21,25,2,1,8,5.7,3,10,13,2,8.48,0
34,38,29,371.03,10,0,139,4,0.3,12.5,18,0,17,1,12,2.44,13,6,1,10,8.46,1
41,11,17,266.46,6,1,91,35,0.02,10.65,28,22,12,0,15,5.06,10,0,7,5,14.91,0
8,54,21,416.54,37,1,134,37,0.74,40.49,0,11,5,0,4,2.23,13,1,16,7,8.22,1
46,23,9,253.78,39,1,130,63,0.46,53.91,1,6,15,1,7,5.18,2,10,17,0,13.72,0
17,101,10,395.17,28,0,90,62,0.47,23.11,8,24,20,0,7,4.93,7,4,19,6,8.91,0
55,120,13,488.95,12,0,108,53,0.12,37.49,27,12,2,0,5,2.24,5,6,1,7,8.33,0
0,50,13,118.34,37,0,10,99,0.67,41.58,9,29,25,1,6,3.28,12,4,19,7,8.39,0
22,94,16,469.1,33,0,74,71,0.09,5.53,20,0,17,0,12,2.34,10,7,17,7,4.11,0
41,93,16,50.64,6,1,105,87,0.67,19.7,20,26,5,0,14,4.31,9,1,1,9,7.96,0
26,109,13,94.45,15,1,86,8,0.74,81.74,23,7,18,0,1,4.13,4,5,14,5,14.09,0
8,13,2,403.37,3,0,55,103,0.88,26.96,33,13,6,0,6,2.06,7,6,17,9,13.42,0
34,65,2,68.41,17,0,63,39,0.89,48.46,14,26,2,0,3,1.04,2,10,2,8,6.81,0
33,94,20,385.07,5,0,117,27,0.69,33.36,24,20,13,1,11,4.71,2,7,15,0,11.52,0
51,117,6,434.54,31,0,125,5,0.44,78.44,1,9,22,1,8,0.54,5,7,11,5,1.74,0
5,86,17,175.61,40,0,51,79,0.26,59.48,34,11,25,1,3,0.65,2,10,17,1,11.84,0
6,117,21,182.3,2,0,56,93,0.41,57.47,40,0,10,1,2,4.08,11,6,1,0,5.25,1
41,86,9,426.75,7,0,85,3,0.83,16.63,14,7,24,1,5,2.3,2,9,3,0,5.39,0
29,4,16,144.11,0,1,129,10,0.32,82.15,10,21,9,0,14,1.16,4,0,0,8,7.19,0
13,100,7,44.19,21,1,26,2,0.65,61.52,27,22,3,0,13,1.01,1,7,7,2,2.37,0
18,116,8,202.17,28,0,17,62,0.46,41.68,32,14,21,0,14,2.67,4,3,17,1,7.97,0
6,41,10,184.38,24,1,34,94,0.05,29.38,34,4,2,1,14,0.55,12,0,8,9,4.88,0
5,91,11,63.3,29,1,20,110,0.09,85.23,35,18,1,1,5,1.71,7,5,13,0,10.4,0
7,31,16,192.98,32,0,32,32,0.12,75.98,37,3,1,0,4,5.42,14,1,15,3,14.77,0
41,89,27,136.46,7,1,25,42,0.99,46.54,40,21,16,1,7,4.4,9,6,17,0,9.62,1
38,101,6,77.78,39,0,96,0,0.06,10.85,20,13,22,0,11,2.53,13,4,9,10,6.68,0
60,69,28,87.3,0,0,58,50,0.3,15.55,9,14,15,1,11,1.45,11,7,2,2,6.57,1
34,63,27,252.84,32,0,145,20,0.65,20.83,5,12,9,0,5,1.76,11,0,11,4,12.42,1
10,86,17,376.01,0,1,45,117,0.59,69.87,16,30,16,0,1,3.44,12,2,18,6,8.41,0
55,31,18,297.13,21,0,17,55,0.86,63.57,5,21,15,1,5,5.58,1,5,6,9,7.76,0
41,25,28,55.19,5,0,57,100,0.94,81.57,0,27,21,0,8,2.99,7,3,20,6,11.66,1
19,101,26,79.01,28,1,62,61,0.51,87.15,24,2,15,1,3,4.62,10,0,14,7,14.31,1
26,83,21,176.47,5,0,99,48,0.19,75.11,33,21,18,0,14,4.32,13,8,8,10,3.21,1
58,93,7,75.76,19,1,2,112,0.62,8.59,15,4,1,1,7,5.02,6,10,18,2,11.33,0
56,85,2,282.42,0,1,26,4,0.09,4.12,10,30,2,0,3,5.99,14,1,15,9,5.89,0
57,2,18,54.8,26,1,45,52,0.69,40.36,5,27,20,1,8,0.85,8,0,3,5,4.02,0
54,65,7,203.72,4,1,127,34,0.94,43.33,36,1,16,1,15,1.07,13,6,1,6,12.83,0
45,52,9,165.91,26,1,115,2,0.8,35.42,23,17,0,0,8,3.9,1,10,18,1,3.92,0
51,113,3,334.27,6,0,62,75,0.66,35.57,38,7,14,0,6,0.78,15,5,6,7,8.27,0
40,36,12,109.86,37,0,99,36,0.52,16.56,12,22,6,1,14,3.22,2,4,4,9,1.6,0
7,15,12,111.45,13,0,81,64,0.34,38.82,19,15,0,1,14,3.79,3,9,6,0,9.93,0
8,87,14,225.34,21,1,66,99,0.24,65.77,14,3,16,0,5,2.16,5,0,9,1,4.48,0
21,114,6,69.24,3,1,135,59,0.48,67.06,6,19,3,0,1,3.19,2,7,3,9,13.7,0
44,44,5,333.91,26,0,3,67,0.88,64.44,31,9,10,1,15,4.44,13,0,4,8,10.73,0
45,103,10,207.93,13,0,20,11,0.34,14.01,39,30,21,0,10,2.45,0,3,0,4,10.63,0
0,47,30,156,35,0,1,44,0.58,63.84,7,13,24,0,14,2.33,13,2,19,9,1.02,1
1,11,4,103.4,17,0,145,4,0.14,24.72,6,20,23,1,12,4.78,2,5,3,3,4.07,0
4,110,5,232.75,17,0,4,8,0.07,85.91,2,15,5,0,0,2.12,5,3,5,5,8,0
46,118,21,51.86,30,1,44,46,0.87,70.62,0,15,15,0,2,3.74,13,6,5,6,8.8,1
55,78,27,362.25,35,0,82,29,0.68,71.91,1,19,17,1,15,4.33,0,1,8,2,9.02,1
56,55,4,218.01,9,0,125,37,0.45,7.72,10,30,21,1,10,4.5,1,9,3,9,9.79,0
32,74,11,217.29,39,0,65,61,0.81,32.46,10,3,20,0,8,0.74,2,1,13,10,2.25,0
19,17,14,219.26,2,1,6,1,0.16,18.51,26,26,9,0,15,5.45,4,3,20,2,1.37,0
49,65,29,95.87,0,1,10,109,0.1,3.72,37,21,13,0,7,1.65,8,9,1,7,8.68,1
44,20,13,465.16,18,1,47,42,0.17,74.48,39,15,12,1,14,1.87,1,10,4,7,2.24,0
37,16,27,357.95,6,0,69,25,0.52,57.69,17,21,18,0,12,3.28,13,3,7,3,6.4,1
15,101,12,246,0,1,61,25,0.24,18.2,4,26,22,1,11,0.7,11,4,13,3,6.4,0
51,15,6,36.49,28,0,15,38,0.63,59.86,6,7,0,1,14,5.23,13,7,16,0,1.12,0
11,31,23,151.06,19,0,43,8,0.21,42.13,36,25,25,1,11,4.04,13,7,0,0,13.4,1
60,5,14,303.02,37,0,11,26,0.72,17.26,11,17,15,0,6,3.4,14,0,14,10,7.8,0
12,107,8,226.1,3,1,134,97,0.9,31.59,20,18,18,1,7,5.39,8,3,2,5,4.45,0
22,57,0,332.4,17,0,98,106,0.45,60.82,10,4,25,1,5,5.63,12,4,20,0,10.5,0
16,97,19,61.82,5,1,138,6,0.08,72.64,3,15,13,1,3,1.56,10,1,15,0,3.98,0
49,118,3,431.97,38,0,74,23,0.71,78.35,23,24,17,0,11,1.85,5,3,7,8,14.25,0
18,92,22,109.14,31,1,34,25,0.57,15.23,1,18,22,1,10,0.51,15,10,4,0,8.77,1
50,57,10,482.85,12,1,129,105,0.92,68.94,28,29,12,0,14,2.43,9,3,15,6,1.04,0
48,91,7,463.18,16,1,139,113,0.12,67.81,14,19,18,1,5,4.41,15,7,8,8,10.26,0
49,66,14,299.28,27,0,74,37,0.13,34.59,21,14,1,1,10,2.68,3,6,19,2,3.44,0
18,5,11,157.18,40,0,72,12,0.89,48.65,36,16,18,1,5,2.14,10,8,2,3,5.67,0
54,7,6,44.72,36,0,148,76,0.2,3.63,19,16,3,0,3,4.28,0,5,14,3,4.95,0
20,98,24,356.28,30,1,64,20,0.91,32.1,19,15,19,1,15,5.33,5,9,9,7,7.06,1
50,67,5,163.12,36,0,108,37,0.74,86.21,6,26,16,0,10,5.12,13,7,10,2,5.05,0
24,98,5,480.64,8,1,82,105,0.44,63.88,21,27,17,1,6,3.62,13,9,20,10,2.25,0
60,28,30,89.45,16,1,39,62,0.39,49.74,39,23,8,0,12,0.93,3,1,4,7,6.5,1
4,74,21,370,3,1,142,61,0.58,29.85,37,0,10,0,9,5.94,4,1,6,4,12.47,1
27,32,15,54.13,23,0,58,99,0.98,12.53,19,0,13,1,9,3.22,3,8,7,6,8.06,0
8,71,15,472.07,6,0,100,97,0.78,68.46,36,27,9,1,11,2.46,7,5,0,8,9.34,0
38,27,30,189.97,28,0,138,45,0.78,84.78,2,12,4,1,7,3.82,6,7,2,3,13.43,1
1,112,30,337.1,36,0,127,93,0.1,16.14,33,27,18,0,15,3.92,15,5,1,10,11.82,1
31,42,24,495.56,3,0,28,56,0.24,35.1,24,15,8,1,7,3.71,12,1,14,7,5.61,1
9,30,18,202.07,3,1,106,28,0.31,75.68,31,17,11,1,2,2.4,4,1,15,1,8.33,0
32,62,29,471.34,17,1,8,24,0.28,66.5,0,10,21,0,5,2.77,11,2,3,9,3.74,1
32,38,13,187.73,0,1,45,46,0.55,40.11,22,16,12,1,7,2.44,4,9,17,7,12.01,0
8,92,9,102.48,40,0,115,61,0.15,54.4,23,18,25,0,13,4.45,2,10,16,5,11.32,0
8,20,21,165.14,15,1,41,12,0.87,32.22,33,1,22,0,2,2.76,3,8,11,9,3.43,1
39,19,11,499.83,2,1,149,110,0.01,81.26,13,24,22,0,15,0.97,5,10,20,7,13.55,0
28,53,14,37.12,1,1,10,103,0.54,16.35,35,7,10,1,14,2.59,12,4,3,0,12.63,0
32,44,8,167.8,27,1,4,100,0.35,34.41,0,16,23,0,0,3.29,12,0,8,6,14.31,0
28,45,0,136.15,13,0,147,108,0.63,6.07,13,8,13,0,11,4.02,7,10,12,9,7.56,0
39,101,0,98.97,27,1,57,21,0.9,39.57,21,10,12,0,8,5.63,5,3,6,1,11.37,0
20,52,27,331.53,2,0,108,42,0.67,18.63,37,8,17,1,3,4.08,10,8,12,10,3.89,1
14,115,13,314.62,28,0,102,81,0.08,25.53,16,10,2,0,9,2.75,1,4,1,10,7.82,0
10,8,0,336.08,11,1,54,70,0.2,23.56,27,3,22,0,10,1.06,9,10,19,2,11.59,0
18,54,6,348.55,3,1,48,48,0.62,29.78,22,8,21,1,0,5.18,12,4,11,2,1.63,0
44,67,7,473.47,8,0,37,45,0.57,24.69,22,27,16,0,5,3.15,10,3,14,9,11.72,0
2,68,19,282.83,34,0,84,44,0.48,82.5,16,17,24,0,13,5.47,9,3,10,10,9.87,0
39,2,25,234.33,8,0,70,119,0.77,18.5,7,0,5,0,12,4.7,15,5,15,4,2.61,1
52,61,0,346.36,37,1,33,23,0.03,70.97,11,7,9,1,3,2.05,13,0,0,2,12.83,0
3,117,24,73.34,16,0,83,74,0.74,13,2,6,8,1,4,5.77,11,2,15,3,2.19,1
33,70,21,372.61,36,1,1,96,0.31,21.83,18,25,13,0,2,4.83,7,4,1,6,4.32,1
8,81,11,300.32,36,0,108,87,0.69,39.21,14,6,5,1,12,4.24,5,8,12,8,11.14,0
18,38,11,185.33,2,0,106,69,0.19,54.65,25,0,7,0,11,1.79,3,3,4,0,12.95,0
41,9,23,101.07,36,1,82,101,0.45,25.22,37,4,14,0,1,1,2,6,2,5,1.06,1
46,47,23,472.55,7,0,54,44,0.12,86.21,13,13,7,0,7,1.49,0,3,17,5,12.9,1
5,51,3,42.02,35,0,99,63,0.24,80.87,5,24,4,1,13,5.93,4,10,12,9,14.79,0
18,44,8,434.63,34,1,54,6,0.41,81,40,24,3,1,11,5.12,12,10,9,3,14.24,0
59,34,21,282.69,14,0,54,28,0.03,17.08,19,21,15,1,1,5.02,1,8,14,1,12.16,1
14,88,17,85.22,8,1,55,52,0.25,38.01,12,29,15,0,10,3.11,13,10,0,9,5.3,0
50,41,22,341.23,34,1,147,109,0.23,47.77,35,22,8,0,9,3.43,5,7,8,1,7.27,1
11,104,17,266.76,26,1,111,74,0.59,38.86,23,19,2,1,5,4.74,14,9,17,8,11.42,0
30,75,2,110.9,27,0,27,21,0.6,74.65,5,30,6,1,9,2.76,15,6,2,7,10.98,0
38,106,25,375.05,39,0,4,66,0.46,50.54,38,1,4,1,13,4.47,5,10,8,9,8.75,1
49,55,22,66.16,11,1,96,49,0.84,34.53,40,16,19,0,13,5.32,7,6,1,7,5.8,1
57,43,13,159.1,26,0,1,119,0.68,12.4,8,8,11,1,13,5.03,7,2,15,4,9.75,0
39,14,7,321.85,32,1,74,71,0.92,51.92,8,11,16,1,9,4.02,15,8,0,3,11.9,0
20,120,11,123.02,37,0,75,52,0.96,24.95,39,3,0,1,8,1.07,1,2,6,9,3.42,0
1,88,7,122.49,27,0,139,14,0.51,16.24,26,28,12,0,15,5.34,14,2,4,7,9.26,0
12,54,3,191.86,28,1,83,33,0.6,45.88,40,12,14,0,0,2.1,11,8,12,9,4.15,0
48,8,25,42.36,37,0,136,82,0.35,68.4,27,7,3,1,13,6,10,10,6,0,1.25,1
52,4,29,492.12,11,1,30,21,0.36,89.28,0,12,5,0,14,5.92,14,2,10,9,11.83,1
20,70,28,121.69,24,1,74,0,0.04,86.68,9,2,5,0,15,3.5,7,7,17,0,5.67,1
25,66,25,144.49,16,1,94,118,0.8,52.4,26,8,14,1,11,5.95,0,1,4,1,3.8,1
53,78,4,218.02,1,1,4,19,0.59,27.27,31,9,22,0,5,5.53,15,5,2,0,2.79,0
37,9,7,420.14,3,0,6,41,0.4,56.64,17,27,3,1,13,2.72,11,9,4,3,3.54,0
7,37,21,357.49,12,1,126,21,0.79,55.32,17,14,22,1,5,1.41,14,4,4,10,12.89,1
52,76,24,206.68,26,1,4,110,0.6,53.43,6,24,9,1,0,2.27,12,4,14,1,2.67,1
60,64,11,187.84,32,1,50,58,0.57,50.77,10,30,3,0,13,2.42,11,0,11,3,5.36,0
4,44,30,287.55,19,0,62,101,0.97,57.51,17,22,16,0,3,3.82,5,4,1,10,10.31,1
3,62,13,287.14,9,1,139,19,0.76,16.83,20,25,13,1,3,0.91,14,0,7,6,4.34,0
33,70,30,331.25,18,1,82,27,0.69,21.9,17,26,19,1,5,1.34,15,0,0,3,8.8,1
55,100,12,428.85,11,1,92,29,0.79,81.94,22,19,23,1,0,5.24,6,7,5,2,1.59,0
41,104,21,126.81,4,0,68,38,0.92,39.17,3,20,2,1,12,1.57,12,7,5,2,6.01,1
24,79,7,43.15,13,0,65,94,0.3,51.77,27,14,4,1,3,5.36,12,2,9,2,1.11,0
8,6,22,268.24,1,1,4,67,0.3,51.56,39,19,19,1,0,0.51,5,6,3,2,12.04,1
56,70,2,229.9,7,0,32,55,0.03,67.47,13,18,18,1,5,2.81,15,3,9,9,1.21,0
59,69,3,426.25,9,1,139,70,0.38,21.51,22,28,11,0,4,5.18,3,5,8,7,4.72,0
28,107,9,51.79,13,1,110,100,0.15,82.29,6,9,2,0,8,0.67,0,5,4,9,10.29,0
8,1,21,440.85,9,1,88,5,0.95,8.62,27,2,22,1,9,2.59,6,7,2,5,6.55,1
14,18,6,259.81,21,1,32,40,0.75,19.47,29,0,11,0,0,4.74,14,6,4,10,2.81,0
51,112,5,283.87,25,0,42,97,0.28,71.26,31,7,15,1,2,1.16,14,5,16,0,10.81,0
44,24,6,147.37,21,1,149,24,0.09,8.35,31,5,20,0,4,1.85,13,8,6,6,2.61,0
16,3,24,152.72,23,0,66,3,0.11,82.17,40,24,19,1,15,4.85,7,10,20,8,9.74,1
51,48,18,396.96,16,1,145,63,0.53,2.86,18,10,5,1,5,0.96,3,2,16,8,11.37,0
13,94,20,484.8,35,0,120,68,0.35,3.66,1,0,8,1,0,5.98,6,0,5,6,11.91,0
2,87,0,196.4,5,0,32,30,0.43,34.06,7,0,15,1,9,2.02,11,9,15,10,1.65,0
19,66,29,408.47,0,0,70,44,0.5,51.11,0,19,19,0,2,1.33,13,9,7,4,7.58,1
40,16,30,205.07,38,1,75,108,0.01,72.18,6,4,6,1,10,3.58,12,5,8,8,13.99,1
49,35,23,39.25,1,1,134,75,0.69,77.49,35,5,0,1,15,3.58,8,9,14,2,5.75,1
47,110,9,291.52,24,1,57,11,0.23,5.75,0,5,4,0,14,5.01,14,2,5,10,14.91,0
17,107,15,397.95,31,1,75,59,0.42,22.95,13,20,4,0,9,5.99,8,6,1,2,12.23,0
39,74,11,126.39,23,0,136,93,0.73,4.79,34,26,12,1,4,3.97,2,3,14,3,11.31,0
54,105,14,382.2,3,0,47,78,0.88,24.92,4,25,0,1,4,4.18,8,0,2,9,13.92,0
1,62,9,400.23,32,1,72,21,0,39.94,39,10,1,0,5,4.91,1,2,3,6,13.63,0
60,53,15,257.32,38,0,106,114,0.71,88.19,17,30,25,0,11,3.63,1,0,19,0,6.22,0
36,16,24,460.96,34,0,45,115,0.27,84.81,37,16,17,1,7,0.65,8,8,4,6,7.03,1
59,17,26,198.09,22,1,35,90,0.42,7.93,29,9,15,1,12,4.16,4,6,20,2,8.03,1
15,57,28,149.57,20,1,96,26,0.81,24.83,15,27,18,0,11,5.63,2,8,10,3,3.44,1
34,91,1,488.31,4,0,38,97,0.27,2.46,18,27,10,0,12,2.65,14,5,12,9,9.09,0
57,17,5,146.22,34,1,125,120,0.2,14.36,12,3,5,0,15,0.86,7,9,11,4,8.34,0
25,96,9,35.9,20,1,125,23,0.59,10.8,9,27,11,0,9,5.88,8,9,5,8,6.49,0
42,9,24,80.91,36,0,4,11,0.33,9.18,35,20,3,1,0,1.86,15,9,10,0,12.49,1
34,52,6,428.59,23,1,88,113,0.47,54.17,24,16,7,1,14,1.23,3,3,0,2,6.36,0
53,70,22,470.79,34,0,74,71,0.71,28.92,10,4,20,1,10,3.44,6,2,14,5,14.82,1
33,115,25,318.8,10,1,91,24,0.21,60.64,38,19,9,0,1,4.66,12,1,2,3,1.32,1
3,116,27,357.08,38,1,86,75,0.49,18.45,34,16,12,0,7,3.63,1,0,5,4,9.62,1
12,44,1,307.38,33,1,39,107,0.04,76.08,25,16,17,0,7,5.22,3,0,1,10,12.58,0
57,77,25,303.28,13,0,21,65,0.18,69.28,5,27,19,1,14,5.15,9,7,9,8,10.74,1
2,117,3,75.54,21,1,105,104,0.72,61.36,37,29,15,0,8,0.59,4,2,10,6,4.14,0
18,33,17,409.18,21,0,9,111,0.99,16.01,31,24,17,0,6,3.14,11,1,2,4,11.36,0
56,50,16,400.8,24,1,24,4,0.28,88.91,40,0,5,0,5,0.55,4,9,7,7,12.79,0
19,27,5,192.43,12,0,27,35,0.23,70.44,29,11,9,1,9,1.34,4,4,18,3,9.7,0
51,76,12,32.2,19,0,28,112,0.08,85.11,36,18,5,0,10,0.63,3,5,20,2,5.29,0
31,65,21,371.51,13,1,95,13,0.47,20.46,40,27,25,0,0,3.27,11,9,9,8,7.98,1
31,117,10,39.74,31,1,63,87,0.46,84.19,1,30,3,1,8,2.48,4,9,9,8,8.94,0
5,71,30,418.47,35,1,86,97,0.24,24.79,14,21,1,1,15,0.74,6,5,12,9,13.53,1
8,27,7,141.74,24,0,137,53,0.12,12.34,10,15,21,1,2,2.92,12,6,12,2,12.84,0
38,97,28,396.06,0,1,148,120,0.54,31.18,16,17,1,1,4,3.78,12,2,6,2,2.71,1
3,82,26,282.53,22,1,144,117,0.27,87.57,18,17,20,1,1,3.21,9,7,10,3,7.07,1
21,88,24,239.42,28,1,98,4,0.77,18.05,12,6,3,1,10,5.45,5,0,13,3,9.98,1
30,119,29,229.92,11,0,145,67,0.56,29.64,36,12,7,1,0,3.87,8,2,14,5,4.65,1
25,50,29,49.71,38,0,137,52,0.21,35.35,13,28,15,0,7,0.88,12,1,16,10,6.76,1
54,120,27,160.01,16,1,101,33,0.82,41.93,16,11,2,1,0,1.15,5,1,6,1,7.44,1
27,74,6,48.56,16,0,19,103,0.7,39.24,24,22,3,0,7,4.53,10,0,12,10,14.25,0
36,31,0,314.43,12,1,57,93,0.32,88.73,4,23,5,0,13,2.78,10,4,1,3,4.68,0
20,38,16,175.19,14,0,10,38,0.95,5.56,1,23,19,1,8,5.9,4,10,17,3,14.81,0
42,41,12,176.35,9,0,134,118,0.69,14.18,1,20,15,1,6,0.98,8,4,18,3,12.04,0
27,98,0,147.85,6,1,84,17,0.92,41.49,34,12,11,1,3,0.7,1,9,8,7,9.93,0
12,89,9,102.16,21,1,59,62,0.56,80.3,35,18,14,1,7,2.63,3,9,6,1,10.08,0
49,96,8,112.44,33,1,147,84,0.11,83.47,0,3,9,1,14,2.9,4,8,0,5,3.91,0
25,72,30,123.61,20,0,57,57,0.5,81.94,10,4,4,1,2,4.04,10,2,2,7,8.92,1
28,60,21,383.34,16,1,111,117,0.41,73.18,22,16,24,1,4,2.71,1,3,14,5,1.6,1
20,63,10,373.73,36,1,9,11,0.06,61.84,38,17,8,0,11,4.98,12,2,3,0,14.95,0
51,80,6,267.84,16,1,140,21,0.13,10.77,13,0,6,1,0,5.86,6,10,8,4,7.53,0
18,37,1,123.32,12,0,90,9,0.91,26.86,35,13,18,0,6,3.29,2,5,8,0,8.27,0
15,114,14,292.18,26,1,148,15,0.27,23.15,2,13,0,1,1,5.69,4,5,18,4,11.14,0
29,61,12,90.82,6,1,25,112,0.64,86.12,13,23,22,0,4,3.86,1,5,18,5,6,0
31,39,10,81.34,33,0,18,92,0.03,16.39,21,27,10,1,9,3.11,5,7,18,7,11.44,0
4,32,21,209.63,0,1,140,61,0.27,49.97,14,6,13,0,8,5.17,5,0,9,9,3.47,1
9,55,22,222.56,40,1,108,22,0.83,2.88,2,17,12,0,15,3.73,3,4,2,9,5.35,1
13,99,21,214.45,0,1,11,114,0.62,27.13,2,17,13,0,11,4.42,3,5,1,7,5.3,1
26,3,0,402.86,1,0,117,48,0.65,3.85,23,12,20,0,1,5.71,9,3,13,3,6.64,0
35,105,11,118.25,20,1,81,31,0.25,89.65,6,26,4,1,14,4.08,7,3,0,8,4.9,0
16,33,14,185.33,18,1,111,66,0.01,22.13,36,14,14,1,13,2.19,3,6,17,8,7.5,0
51,113,28,416.02,4,1,91,15,0.67,67.91,11,18,8,0,9,2.36,8,10,7,5,1.69,1
1,55,23,84.88,20,1,53,61,0.24,75.91,4,7,18,0,4,3.89,8,9,2,9,10.55,1
8,62,5,265.29,28,1,114,12,0.07,83.81,11,2,20,1,15,4.57,0,2,19,1,10.2,0
36,38,23,373.47,17,1,140,14,0.61,19.5,5,0,22,1,8,3.27,12,1,9,9,14.24,1
34,34,12,165.39,17,1,10,100,0.04,17.54,5,8,9,0,4,5.2,5,6,20,3,8.62,0
5,17,23,230.65,27,0,123,2,0.51,85.06,9,26,21,1,3,0.89,10,5,1,9,13.03,1
51,114,6,317.12,40,1,129,48,0.77,73.14,5,17,20,1,1,3.43,4,7,9,8,13.9,0
58,25,8,275.76,6,0,116,120,0.94,32.15,34,0,14,0,15,1.7,3,9,4,2,11.92,0
41,83,3,183.64,39,1,18,3,0.38,40.99,8,20,10,0,0,5.95,10,0,16,0,14.56,0
46,57,9,268.26,37,0,80,101,0.1,87.41,8,2,5,0,15,5.33,1,3,16,5,7.36,0
48,34,21,82.48,24,0,6,0,0.13,45.18,32,19,11,1,8,2.21,3,9,18,6,4.19,1
23,81,15,225.9,12,0,82,95,0.91,70.77,21,8,16,1,7,4.37,4,6,7,7,4.73,0
17,90,7,316.71,28,0,37,10,0.89,75.37,7,26,20,1,0,5.67,2,7,6,10,12.98,0
13,110,17,103.6,29,1,95,24,0.53,27.34,13,29,16,0,6,3.03,5,10,10,3,5.71,0
41,40,0,90.09,30,1,27,120,0.12,22.44,25,15,11,1,8,0.63,7,1,8,8,5.55,0
43,103,22,62.7,24,1,70,111,0.87,43.99,39,16,9,1,10,3.69,7,1,4,7,13.51,1
20,120,21,49.37,7,1,44,99,0.04,86.13,23,3,23,0,13,2.86,0,1,11,2,13.44,1
57,78,2,98.97,12,1,97,92,0.71,9.78,26,20,4,1,11,3.32,9,5,15,9,8.84,0
44,13,22,438.29,16,1,3,47,0.8,18.85,8,9,21,0,11,4.02,2,5,4,3,11.19,1
1,6,26,493,26,0,98,77,0.68,68.35,28,24,1,0,13,0.59,0,10,0,7,9.72,1
29,78,13,130.06,28,0,39,64,0.03,70.64,6,20,16,1,5,2.26,15,3,17,10,7.33,0
60,9,14,98.82,26,0,37,70,0.72,68.85,20,0,1,1,6,2.62,8,6,6,10,1.96,0
10,79,16,104.49,2,1,54,79,0.06,33.69,32,23,3,0,4,1.68,3,10,6,4,12.28,0
37,29,15,102.34,39,0,68,17,0.84,48.92,11,26,20,0,12,3.59,3,2,12,9,1.12,0
18,23,20,411.99,40,0,46,34,0.79,60.89,31,14,7,1,12,4.39,13,3,15,2,5.23,0
38,74,27,174.7,26,1,82,97,0.28,40.39,5,3,1,0,6,3.96,4,10,5,9,6.9,1
55,72,10,378.85,26,0,39,63,0.41,66.61,9,10,25,0,11,1.48,15,7,3,2,4.8,0
8,95,9,390.21,32,1,81,29,0.72,2.19,25,16,9,1,3,3.84,8,5,0,2,6.57,0
38,9,16,341.12,14,1,23,103,0.31,73.28,11,9,0,1,13,1.81,10,9,4,9,6.75,0
20,48,30,229.52,10,0,136,33,0.48,49,19,24,24,1,11,2.22,4,0,10,10,8.14,1
7,39,8,111.52,40,1,110,22,0.81,25.02,25,7,17,1,3,2.08,12,5,7,9,8.95,0
38,10,29,71.95,8,1,53,97,0.85,65.29,2,25,7,1,3,1.3,14,0,2,7,10.56,1
34,7,8,367.1,12,0,90,53,0.93,20.12,14,20,10,1,15,5.45,6,1,15,8,8.95,0
14,7,7,289.07,11,0,6,86,0.11,59.09,1,29,14,1,10,2.92,4,10,7,4,1.06,0
21,53,7,120.18,4,1,89,33,0.47,50.26,28,28,13,0,5,5.52,6,10,4,5,6.61,0
28,110,9,177.33,35,1,144,1,0.31,47.52,22,14,15,0,0,0.97,14,10,13,1,14.9,0
28,23,3,370.52,34,0,107,109,0.22,34.49,16,3,4,1,7,1.79,3,0,8,4,7.84,0
60,63,0,475.71,1,1,13,16,0.32,34.19,12,0,21,0,1,2.77,3,2,19,2,12.35,0
17,106,13,68.55,13,1,74,97,0.54,88.91,36,9,2,0,14,1.63,0,1,6,8,1.68,0
46,55,15,77.37,7,1,32,15,0.25,78.13,38,4,2,0,10,3.91,0,8,14,8,8.89,0
60,51,21,389.48,5,1,59,105,0.94,80,21,17,15,1,1,1.57,15,7,2,7,7.71,1
23,5,15,194.39,30,0,109,13,0.33,11.16,15,25,21,0,9,3.92,7,2,16,5,5.77,0
37,58,11,316.68,25,0,16,17,0.13,32.87,10,23,19,1,2,5.77,3,0,7,6,9.21,0
4,84,20,199.54,11,0,107,2,0.51,67.79,32,29,7,1,11,4.07,5,2,3,2,6.51,0
39,17,6,348.86,4,1,9,0,0.28,28.8,28,30,2,0,10,2.14,15,7,9,8,5.24,0
32,24,30,75.92,39,0,23,104,0.14,73,37,15,13,1,1,2.57,15,8,15,4,11.25,1
20,51,26,411.5,2,1,14,37,0.27,51.5,18,28,5,0,14,5.51,3,6,15,3,14.16,1
2,18,13,155.53,39,1,88,7,0.07,45.49,9,23,4,0,14,3.61,1,4,12,8,9.5,0
30,60,2,423.68,4,1,119,10,0.81,46.48,12,12,14,1,2,1.3,8,1,7,3,6.2,0
45,51,11,402.21,35,0,123,52,0.33,77.65,7,25,13,1,13,5.19,12,7,20,6,3.37,0
11,11,30,419.9,1,1,71,24,0.3,10.27,20,12,22,1,6,5.01,2,6,8,2,4.33,1
43,15,9,186.78,26,1,72,76,0.77,57.6,21,8,3,1,10,0.59,8,1,12,8,3.79,0
15,111,28,40.41,7,0,130,95,0.72,36.61,2,17,5,1,11,4.1,0,5,5,2,14.5,1
56,95,9,151.51,31,1,34,26,0.5,35.64,40,30,12,1,15,5.03,2,5,0,6,6.21,0
27,36,23,53.15,12,0,57,72,0.01,13.68,22,0,15,0,5,2.07,10,2,9,6,8.95,1
11,61,4,180.21,13,1,130,2,0.9,57.91,5,7,0,0,6,3.32,11,2,17,7,14.16,0
34,100,26,155.33,18,1,7,101,0.43,10.88,12,24,1,0,11,3.7,12,5,13,7,5.88,1
49,10,23,123.67,1,1,1,89,0.74,78.99,15,15,2,0,14,0.52,15,4,1,0,9.51,1
38,103,24,255.11,35,0,102,50,0.04,78.97,40,26,25,1,7,4.43,8,5,1,0,5.32,1
56,111,23,32.76,7,0,114,80,0.06,38.65,30,10,8,0,1,2.46,15,10,11,9,1.28,1
29,32,3,472.6,21,1,122,74,0.83,32.15,25,16,12,1,13,2.84,1,9,9,1,13.55,0
13,11,21,136.06,21,1,49,106,0.55,15.36,9,23,1,1,10,3.8,6,0,7,6,1.35,1
24,43,5,299.41,14,0,105,10,0.65,34.43,24,23,8,1,10,4.1,5,8,4,1,1.33,0
24,108,0,285.26,35,0,133,47,0.99,9.82,9,16,6,0,9,1.55,9,10,19,2,12.13,0
28,91,23,285.08,35,1,10,81,0.77,65.95,38,17,12,1,5,4.75,14,1,9,9,5.04,1
49,117,21,243.58,26,0,100,109,0.23,69.88,40,13,9,0,14,3.51,2,10,20,3,11.66,1
39,24,25,36.17,32,0,83,112,0.95,57.08,18,3,10,1,6,5.51,6,9,7,2,3.96,1
1,65,18,493.03,40,0,51,34,0.6,32.68,24,26,21,0,11,2.21,13,6,3,9,3.86,0
49,88,20,335.95,21,1,66,55,0.09,9.92,34,23,16,1,4,4.92,5,4,20,1,4.95,0
38,71,15,260.15,24,1,103,89,0.55,37.19,9,26,13,1,4,4.05,5,10,1,4,9.85,0
53,7,26,153.06,9,1,65,115,0.89,52.62,32,19,18,1,8,5.16,14,7,5,8,12.92,1
40,2,10,214.53,19,0,15,33,0.42,18.97,25,17,18,0,12,1.1,7,1,19,0,7.45,0
0,105,7,494.95,35,1,65,50,0.07,61.21,16,24,16,1,6,5.17,9,6,7,4,4.5,0
47,72,7,475.73,27,1,35,73,0.02,12.26,11,22,21,0,1,5.39,8,7,19,8,9.58,0
13,54,14,212.77,11,0,140,38,0.18,48.9,37,4,6,1,12,3.23,2,3,18,10,11.98,0
46,17,22,115.67,18,1,66,73,0.74,17.55,31,11,8,1,6,2.67,4,4,15,2,11.33,1
40,100,22,88.16,11,0,129,113,0.22,3.66,35,15,0,0,4,3.71,11,3,18,7,8.39,1
59,94,15,166.48,18,0,108,6,0.1,33.21,29,19,25,0,2,2.4,0,9,19,10,7.12,0
6,32,27,339.8,32,1,83,94,0.1,43.43,9,25,11,1,9,3.44,11,5,6,1,12.02,1
36,13,29,380.18,18,0,11,77,0.64,17.57,4,13,21,0,1,3.86,7,7,9,3,2.63,1
28,23,29,67.04,6,1,51,120,0.35,13.62,27,27,6,1,13,0.91,15,5,19,5,8.84,1
19,63,4,30.54,19,0,102,66,0.04,20.88,14,24,18,1,0,1.95,10,4,8,1,13.19,0
39,46,19,91.19,20,1,35,65,0.12,61.66,23,18,24,0,2,5.74,1,8,16,6,13.72,0
15,102,28,277.93,18,0,57,24,0.84,79.98,33,16,18,1,13,5.35,15,2,6,5,4.83,1
46,10,3,214.06,9,1,65,92,0.97,19.68,14,30,6,1,4,0.92,9,7,18,2,14.05,0
10,56,24,67.85,20,0,116,12,0.77,13.28,21,17,20,0,14,1.81,3,5,0,0,13.96,1
42,19,13,266.55,36,0,131,46,0.51,65.85,16,15,21,0,7,5.96,0,4,12,5,10.85,0
3,28,26,448.04,7,1,85,35,0.44,67.79,4,27,6,1,2,1.79,10,0,8,2,2.37,1
36,56,16,66.84,35,0,47,29,0.93,42.61,36,1,17,1,3,1.78,12,6,2,3,12.54,0
25,12,13,446.61,12,1,47,38,0.69,27.5,17,21,0,0,10,5.54,14,6,7,1,12.81,0
27,93,11,40.4,33,1,100,111,0.13,25.88,32,23,17,1,12,2.38,10,4,14,0,13.22,0
41,37,30,235.63,31,1,137,13,0.84,66.75,3,2,20,0,11,4.98,9,1,9,8,7.98,1
43,68,5,115.03,17,0,61,36,0.81,41.41,9,30,3,1,13,4.71,2,9,12,5,12.99,0
25,115,12,121.9,13,0,51,112,0,57.74,10,6,14,0,11,4.15,4,8,1,2,8.78,0
45,17,27,143.45,29,1,61,117,0.11,13.43,26,22,18,1,13,1.69,1,2,20,0,3.19,1
49,27,27,171.31,22,0,127,17,0.04,56.74,14,2,2,1,5,5.88,14,8,10,2,5.03,1
22,49,19,437.98,19,1,118,26,0.21,39.2,3,2,18,0,10,1.72,1,8,7,0,2.92,0
33,35,29,39.28,14,0,99,36,0.05,44.24,36,18,16,0,15,5.86,7,9,2,3,3.35,1
33,112,1,368.69,19,1,59,5,0.54,87.7,7,6,7,0,4,3.1,0,2,7,4,4.47,0
46,11,29,70.64,26,1,63,51,0.82,3.16,4,19,10,0,15,4.01,0,6,3,9,8.23,1
37,50,27,53.81,20,1,47,29,0.41,13.46,4,21,0,0,10,5.61,6,2,4,5,9.71,1
3,106,17,268.05,5,1,33,18,0.15,2.49,9,27,22,0,13,2.46,9,0,13,9,11.83,0
7,31,7,163.88,1,0,93,49,0.75,64.11,34,11,3,0,12,2.19,2,3,3,5,13.75,0
14,45,28,427.8,33,0,136,23,0.47,4.92,12,24,13,1,7,5.43,7,4,15,9,4.32,1
58,55,27,294.75,23,1,29,78,0.8,9.38,9,2,14,0,12,2.58,2,4,16,2,14.9,1
17,118,22,165.57,7,0,82,23,0.88,20.52,29,11,13,1,13,2.32,0,0,19,0,7.56,1
1,38,21,309.54,11,1,121,103,0.22,55.8,5,28,24,0,5,2.98,1,3,5,8,5.83,1
19,94,21,302.41,25,0,4,11,0.69,87.32,23,10,11,0,1,1.02,5,1,7,5,6.16,1
4,33,15,163.52,33,0,30,27,0.53,83.28,19,20,1,1,11,4.49,9,4,17,6,10.22,0
41,105,22,54.94,10,1,9,8,0.46,6.42,19,18,20,0,12,3.2,2,0,16,5,9.61,1
45,104,9,418.39,21,1,78,23,0.07,26.47,12,23,1,1,7,5.57,4,0,19,9,14.79,0
36,111,24,72.33,30,1,143,58,0.46,14.2,11,19,2,1,6,2.11,1,3,19,10,5.17,1
2,36,7,449.58,27,0,149,81,0.25,10.8,35,14,25,0,9,2.16,4,3,6,8,2.4,0
53,36,22,119.24,1,0,105,23,0.53,39.67,18,30,4,0,7,4.23,2,4,17,5,12.98,1
18,9,0,269.17,27,1,60,5,0.66,34.52,23,29,21,1,10,4.49,1,2,0,6,6.04,0
26,38,3,148.79,11,1,122,109,0.58,78.48,33,11,25,0,9,1.04,3,5,9,7,9.34,0
14,53,22,383.1,29,1,100,31,0.56,53.99,12,14,18,0,0,2.06,6,2,20,1,1.86,1
12,104,19,134.03,6,1,6,45,0.68,66.33,34,27,10,0,5,2.44,7,4,16,5,4.22,0
0,83,8,282.22,3,1,64,120,0.06,41.58,39,0,24,0,7,5.75,1,4,4,10,10.02,0
0,116,12,407.1,20,0,96,97,0.43,48.74,32,16,22,0,4,2.01,9,9,20,10,4.71,0
49,118,11,269.5,27,0,49,50,0.35,66.97,18,18,13,1,15,2.81,6,2,18,2,10.2,0
14,90,25,123.34,9,1,131,32,0.81,45.78,24,5,16,1,14,3.47,15,3,18,0,2.13,1
21,21,25,273.07,26,0,34,58,0.67,6.02,25,11,14,1,10,3.53,6,5,3,6,14.45,1
52,65,3,354.23,26,1,107,81,0.49,8.82,11,9,7,0,2,1.31,1,4,19,7,1.15,0
54,6,5,323.74,40,0,24,8,0.43,66.54,19,2,8,0,3,5.52,5,9,16,7,12.25,0
57,95,20,476.13,30,0,44,25,0.74,61.83,35,8,0,0,4,3.13,4,1,13,3,11.14,0
6,66,4,230.92,0,1,131,115,0.03,88.45,11,12,4,1,11,5.48,10,7,4,4,3.63,0
41,4,14,224.03,18,0,10,37,0.37,14.98,35,14,18,0,9,1.03,9,10,9,7,13.71,0
40,94,0,450.89,33,0,9,87,0.22,83.25,34,24,22,0,7,4.4,14,3,14,2,13.14,0
15,18,27,186.68,12,0,94,89,0.75,53.81,39,18,9,1,13,5.34,4,4,13,6,9.03,1
3,71,10,46.92,20,0,21,79,0.28,34.24,3,5,22,1,15,3.04,3,8,17,6,10.98,0
15,3,10,187.72,26,1,100,12,0.82,15.69,4,27,1,1,7,3.31,7,9,14,3,5.9,0
46,79,27,273.45,27,1,114,74,0.11,50.6,30,18,5,1,9,1.19,12,2,2,9,1.62,1
7,104,26,94.88,29,1,137,80,0.29,67.69,34,16,8,1,3,1.47,5,1,19,0,2.23,1
29,72,13,157.85,16,1,13,115,0.69,63.88,11,23,4,0,7,2.89,15,2,1,2,10.43,0
49,29,21,83.16,17,0,6,70,0.69,44.69,20,18,2,1,7,5.71,0,6,20,0,8.2,1
41,44,4,67.93,9,0,21,68,0.48,75.15,18,15,2,0,2,5.85,14,1,4,0,4.35,0
3,35,10,158.62,11,0,63,17,0.66,49.66,19,18,17,0,13,3.41,6,10,4,2,12.7,0
17,58,24,119.14,6,1,85,14,0.35,42.85,3,17,3,0,13,1.23,5,7,16,9,8.3,1
9,48,19,70.34,11,0,121,49,0.36,56.71,7,30,21,0,14,1.23,14,6,13,4,14.36,0
1,71,9,160.05,24,0,128,16,0.45,71.47,5,21,24,0,15,3.02,14,0,9,2,3.5,0
25,82,12,253.62,15,0,60,73,0.35,68.06,16,30,23,1,6,0.94,12,9,9,0,4.08,0
41,7,23,64.85,26,0,107,37,0.75,40.64,39,2,12,0,13,3.04,7,8,3,0,9.08,1
7,31,2,143.15,11,1,140,12,0.11,59.41,11,7,4,0,12,0.69,7,5,0,4,10.18,0
52,83,9,373.65,0,0,52,74,0.41,33.03,6,16,4,1,13,5.79,0,3,18,8,12.84,0
